INSERT TrackAlbum(TrackID, AlbumID) VALUES(N'7FIWs0pqAYbP91WWM0vlTQ', N'4otkd9As6YaxxEkIjXPiZ6')
INSERT TrackAlbum(TrackID, AlbumID) VALUES(N'4xkOaSrkexMciUUogZKVTS', N'2cWBwpqMsDJC1ZUwz813lo')
INSERT TrackAlbum(TrackID, AlbumID) VALUES(N'7lQ8MOhq6IN2w8EYcFNSUk', N'2cWBwpqMsDJC1ZUwz813lo')
INSERT TrackAlbum(TrackID, AlbumID) VALUES(N'15JINEqzVMv3SvJTAXAKED', N'47BiFcV59TQi2s9SkBo2pb')
INSERT TrackAlbum(TrackID, AlbumID) VALUES(N'3yfqSUWxFvZELEM4PmlwIR', N'6t7956yu5zYf5A829XRiHC')
INSERT TrackAlbum(TrackID, AlbumID) VALUES(N'7Ie9W94M7OjPoZVV216Xus', N'47BiFcV59TQi2s9SkBo2pb')
INSERT TrackAlbum(TrackID, AlbumID) VALUES(N'3UmaczJpikHgJFyBTAJVoz', N'6t7956yu5zYf5A829XRiHC')
INSERT TrackAlbum(TrackID, AlbumID) VALUES(N'6or1bKJiZ06IlK0vFvY75k', N'6DN7GcZF1HywzrkGN6Eeqk')
INSERT TrackAlbum(TrackID, AlbumID) VALUES(N'5Z01UMMf7V1o0MzF86s6WJ', N'5qENHeCSlwWpEzb25peRmQ')
INSERT TrackAlbum(TrackID, AlbumID) VALUES(N'60SdxE8apGAxMiRrpbmLY0', N'3HNnxK7NgLXbDoxRZxNWiR')
INSERT TrackAlbum(TrackID, AlbumID) VALUES(N'5PQmSHzWnlgG4EBuIqjac2', N'78Fgb88MY0ECc4GVMejqTg')
INSERT TrackAlbum(TrackID, AlbumID) VALUES(N'7bIFYGYmC8MRNzDdNHbPi1', N'78Fgb88MY0ECc4GVMejqTg')
INSERT TrackAlbum(TrackID, AlbumID) VALUES(N'1AHfovSnGPVYKaahRtA0U6', N'78Fgb88MY0ECc4GVMejqTg')
INSERT TrackAlbum(TrackID, AlbumID) VALUES(N'0QnGI4OgY8ReggLWvEXdgD', N'78Fgb88MY0ECc4GVMejqTg')
INSERT TrackAlbum(TrackID, AlbumID) VALUES(N'4dSLfdnCy43DPJiqpoZoKe', N'78Fgb88MY0ECc4GVMejqTg')
INSERT TrackAlbum(TrackID, AlbumID) VALUES(N'2dJwnskDT5AHUso6o1Acnp', N'78Fgb88MY0ECc4GVMejqTg')
INSERT TrackAlbum(TrackID, AlbumID) VALUES(N'1tJRS17TxD5bwdTk8ehP93', N'78Fgb88MY0ECc4GVMejqTg')
INSERT TrackAlbum(TrackID, AlbumID) VALUES(N'2gXI6TBLhmCNy09NioMHdI', N'78Fgb88MY0ECc4GVMejqTg')
INSERT TrackAlbum(TrackID, AlbumID) VALUES(N'2Ja3UauMDeQnq4sI8a64Ys', N'78Fgb88MY0ECc4GVMejqTg')
INSERT TrackAlbum(TrackID, AlbumID) VALUES(N'7lPJ5PrQnQRurUZIzMCQib', N'78Fgb88MY0ECc4GVMejqTg')
INSERT TrackAlbum(TrackID, AlbumID) VALUES(N'4HphiT6pmqBZiNHkyJCgBQ', N'78Fgb88MY0ECc4GVMejqTg')
INSERT TrackAlbum(TrackID, AlbumID) VALUES(N'77VyB3Lg1YMnjSSvutM4Al', N'78Fgb88MY0ECc4GVMejqTg')
INSERT TrackAlbum(TrackID, AlbumID) VALUES(N'6DWdTk7UaZ6LIYYCFvmgX7', N'78Fgb88MY0ECc4GVMejqTg')
INSERT TrackAlbum(TrackID, AlbumID) VALUES(N'0wBLOFRJTBo2elusmfZhu3', N'78Fgb88MY0ECc4GVMejqTg')
INSERT TrackAlbum(TrackID, AlbumID) VALUES(N'0ttF21hZCPw2merE3GsHcP', N'2cWBwpqMsDJC1ZUwz813lo')
INSERT TrackAlbum(TrackID, AlbumID) VALUES(N'15qrWkkYCfmtu1uRpGf48L', N'2cWBwpqMsDJC1ZUwz813lo')
INSERT TrackAlbum(TrackID, AlbumID) VALUES(N'0x60P5taxdI5pcGbqbap6S', N'2cWBwpqMsDJC1ZUwz813lo')
INSERT TrackAlbum(TrackID, AlbumID) VALUES(N'7BMO7O7ImjV8HNTH74Tshv', N'2cWBwpqMsDJC1ZUwz813lo')
INSERT TrackAlbum(TrackID, AlbumID) VALUES(N'27mgDrExPa3obPAYXd3yQg', N'2cWBwpqMsDJC1ZUwz813lo')
INSERT TrackAlbum(TrackID, AlbumID) VALUES(N'2J3CYFUn6eAuHz5S9IKape', N'2cWBwpqMsDJC1ZUwz813lo')
INSERT TrackAlbum(TrackID, AlbumID) VALUES(N'5QD28FqaM3jTfsqWwvRZwv', N'2cWBwpqMsDJC1ZUwz813lo')
INSERT TrackAlbum(TrackID, AlbumID) VALUES(N'288e3FhmVuCqPmNEfAH0h6', N'2cWBwpqMsDJC1ZUwz813lo')
INSERT TrackAlbum(TrackID, AlbumID) VALUES(N'7io19rjxOFu3pGuZgBI6Pk', N'2cWBwpqMsDJC1ZUwz813lo')
INSERT TrackAlbum(TrackID, AlbumID) VALUES(N'0EgkVzDidmq4MP57jZFeik', N'2cWBwpqMsDJC1ZUwz813lo')
INSERT TrackAlbum(TrackID, AlbumID) VALUES(N'3CpoeW0cZSDzIRv5z34F87', N'2cWBwpqMsDJC1ZUwz813lo')
INSERT TrackAlbum(TrackID, AlbumID) VALUES(N'4woTEX1wYOTGDqNXuavlRC', N'2cWBwpqMsDJC1ZUwz813lo')
INSERT TrackAlbum(TrackID, AlbumID) VALUES(N'6Db8IlZ7YY1pfIjJllejyH', N'2cWBwpqMsDJC1ZUwz813lo')
INSERT TrackAlbum(TrackID, AlbumID) VALUES(N'5ZxX55HFfi4aofGTxMp58x', N'2cWBwpqMsDJC1ZUwz813lo')
INSERT TrackAlbum(TrackID, AlbumID) VALUES(N'73qINA7ccO03wxD8nsJalr', N'2cWBwpqMsDJC1ZUwz813lo')
INSERT TrackAlbum(TrackID, AlbumID) VALUES(N'4EQkcrSLF3QdlwNca7sMXY', N'2cWBwpqMsDJC1ZUwz813lo')
INSERT TrackAlbum(TrackID, AlbumID) VALUES(N'3F14hbIqy1JKKLTb1mzdYV', N'2cWBwpqMsDJC1ZUwz813lo')
INSERT TrackAlbum(TrackID, AlbumID) VALUES(N'51LeDAMy6nWqKdjVo7jK4j', N'2cWBwpqMsDJC1ZUwz813lo')
INSERT TrackAlbum(TrackID, AlbumID) VALUES(N'3Tj1luJyKPQt7WbrqpJ2Az', N'47BiFcV59TQi2s9SkBo2pb')
INSERT TrackAlbum(TrackID, AlbumID) VALUES(N'66h8hB4In6t725WtAPL23J', N'47BiFcV59TQi2s9SkBo2pb')
INSERT TrackAlbum(TrackID, AlbumID) VALUES(N'6HLZaECJKDjNE0jiGBeqxz', N'47BiFcV59TQi2s9SkBo2pb')
INSERT TrackAlbum(TrackID, AlbumID) VALUES(N'7kNlRLC9PEH8nXMVawssMx', N'47BiFcV59TQi2s9SkBo2pb')
INSERT TrackAlbum(TrackID, AlbumID) VALUES(N'1ne7JVHEPnoncXzQunQVKW', N'47BiFcV59TQi2s9SkBo2pb')
INSERT TrackAlbum(TrackID, AlbumID) VALUES(N'0ZqWBTU1EkdVPAMwQgfKiv', N'47BiFcV59TQi2s9SkBo2pb')
INSERT TrackAlbum(TrackID, AlbumID) VALUES(N'2V7NoXGv2VDnLeTM7w8SFd', N'47BiFcV59TQi2s9SkBo2pb')
INSERT TrackAlbum(TrackID, AlbumID) VALUES(N'7bHT9osSq1rwT2yaImzqCi', N'47BiFcV59TQi2s9SkBo2pb')
INSERT TrackAlbum(TrackID, AlbumID) VALUES(N'0sHW1jXe6Sou3437gJQNGA', N'47BiFcV59TQi2s9SkBo2pb')
INSERT TrackAlbum(TrackID, AlbumID) VALUES(N'4SE4yewyGpOYfxfx59Yjc5', N'47BiFcV59TQi2s9SkBo2pb')
INSERT TrackAlbum(TrackID, AlbumID) VALUES(N'0dyWQoMOU9oERL6c9vxtRp', N'47BiFcV59TQi2s9SkBo2pb')
INSERT TrackAlbum(TrackID, AlbumID) VALUES(N'5Ve4qBYAThGLTOva0hhoTa', N'47BiFcV59TQi2s9SkBo2pb')
INSERT TrackAlbum(TrackID, AlbumID) VALUES(N'0ANExk8Iu85oqCgk82rG64', N'47BiFcV59TQi2s9SkBo2pb')
INSERT TrackAlbum(TrackID, AlbumID) VALUES(N'1v54pVfqtSC7KbTu2C2pnM', N'47BiFcV59TQi2s9SkBo2pb')
INSERT TrackAlbum(TrackID, AlbumID) VALUES(N'44ut2KJnt0HQMnUaMlDv9W', N'47BiFcV59TQi2s9SkBo2pb')
INSERT TrackAlbum(TrackID, AlbumID) VALUES(N'1WopKLOG4Kud0H1r3xrCfT', N'6t7956yu5zYf5A829XRiHC')
INSERT TrackAlbum(TrackID, AlbumID) VALUES(N'5eGEc27nnhtmcOh6RC890a', N'6t7956yu5zYf5A829XRiHC')
INSERT TrackAlbum(TrackID, AlbumID) VALUES(N'2vDNkLviUQSxSxulGBFSqJ', N'6t7956yu5zYf5A829XRiHC')
INSERT TrackAlbum(TrackID, AlbumID) VALUES(N'15joiMls8SpP1VtGivYh6i', N'6t7956yu5zYf5A829XRiHC')
INSERT TrackAlbum(TrackID, AlbumID) VALUES(N'0DaZU7iKgXMelfXCkCOgBK', N'6t7956yu5zYf5A829XRiHC')
INSERT TrackAlbum(TrackID, AlbumID) VALUES(N'23wfXwnsPZYe5A1xXRHb3J', N'6t7956yu5zYf5A829XRiHC')
INSERT TrackAlbum(TrackID, AlbumID) VALUES(N'7996f9NZeypc4jqfc6hJUa', N'6t7956yu5zYf5A829XRiHC')
INSERT TrackAlbum(TrackID, AlbumID) VALUES(N'3xVtc7PB4V3AqAfq4Iahli', N'6t7956yu5zYf5A829XRiHC')
INSERT TrackAlbum(TrackID, AlbumID) VALUES(N'3X4Oz9LjhhtgyOhVNlfoYa', N'6t7956yu5zYf5A829XRiHC')
INSERT TrackAlbum(TrackID, AlbumID) VALUES(N'4HsaoezrUA96qMzDK3ZWnq', N'6t7956yu5zYf5A829XRiHC')
INSERT TrackAlbum(TrackID, AlbumID) VALUES(N'7tEoJKbYdIHBfn7tTIyjHW', N'6t7956yu5zYf5A829XRiHC')
INSERT TrackAlbum(TrackID, AlbumID) VALUES(N'0erTM8A9ro5kzcNc962jHd', N'6t7956yu5zYf5A829XRiHC')
INSERT TrackAlbum(TrackID, AlbumID) VALUES(N'7lgvU7WnwcNZ8dbGUz8yhP', N'6t7956yu5zYf5A829XRiHC')
INSERT TrackAlbum(TrackID, AlbumID) VALUES(N'20oenBXlmwIfK0F3fQIjhM', N'6t7956yu5zYf5A829XRiHC')
INSERT TrackAlbum(TrackID, AlbumID) VALUES(N'5H3B1WtZYGmyOYOXgQltKU', N'6t7956yu5zYf5A829XRiHC')
INSERT TrackAlbum(TrackID, AlbumID) VALUES(N'18ohWhzbMCynq5QJ68ifkW', N'6t7956yu5zYf5A829XRiHC')
INSERT TrackAlbum(TrackID, AlbumID) VALUES(N'3IaAYtmN8T0YIYVqnxNnVz', N'6DN7GcZF1HywzrkGN6Eeqk')
INSERT TrackAlbum(TrackID, AlbumID) VALUES(N'7BneCfYRPXAJsEXRdVzEfV', N'6DN7GcZF1HywzrkGN6Eeqk')
INSERT TrackAlbum(TrackID, AlbumID) VALUES(N'45JxylFwaThjLsRBuzcfoL', N'6DN7GcZF1HywzrkGN6Eeqk')
INSERT TrackAlbum(TrackID, AlbumID) VALUES(N'6dJRP4pXk4SOzWfhfHL3Or', N'6DN7GcZF1HywzrkGN6Eeqk')
INSERT TrackAlbum(TrackID, AlbumID) VALUES(N'3stOygN0I7CIvkEB2LJGbv', N'6DN7GcZF1HywzrkGN6Eeqk')
INSERT TrackAlbum(TrackID, AlbumID) VALUES(N'1mavQ4WCzXSeL2Dm5DS4GQ', N'6DN7GcZF1HywzrkGN6Eeqk')
INSERT TrackAlbum(TrackID, AlbumID) VALUES(N'0OOv1XGVVzUgTIzomIHfR0', N'6DN7GcZF1HywzrkGN6Eeqk')
INSERT TrackAlbum(TrackID, AlbumID) VALUES(N'6Xk7PnitV9jCRorWt2LiVZ', N'6DN7GcZF1HywzrkGN6Eeqk')
INSERT TrackAlbum(TrackID, AlbumID) VALUES(N'5k7wy2Ek7y6kSQ4fER7w0E', N'6DN7GcZF1HywzrkGN6Eeqk')
INSERT TrackAlbum(TrackID, AlbumID) VALUES(N'6MtI49ggHHumUTONlvMQlq', N'6DN7GcZF1HywzrkGN6Eeqk')
INSERT TrackAlbum(TrackID, AlbumID) VALUES(N'4WgvTITBJbEfCJHguiE7QS', N'6DN7GcZF1HywzrkGN6Eeqk')
INSERT TrackAlbum(TrackID, AlbumID) VALUES(N'0nzsCN9rtXdugPoiIT49Kj', N'6DN7GcZF1HywzrkGN6Eeqk')
INSERT TrackAlbum(TrackID, AlbumID) VALUES(N'0iMN420Q45isZVNlAqzPTW', N'6DN7GcZF1HywzrkGN6Eeqk')
INSERT TrackAlbum(TrackID, AlbumID) VALUES(N'222dTwr5XeEgAzEtsrQA0R', N'6DN7GcZF1HywzrkGN6Eeqk')
INSERT TrackAlbum(TrackID, AlbumID) VALUES(N'3E1BkJEsRK7VsSNzijilGm', N'6DN7GcZF1HywzrkGN6Eeqk')
INSERT TrackAlbum(TrackID, AlbumID) VALUES(N'5sGzBBWPe4YC2YoW7lBYph', N'6DN7GcZF1HywzrkGN6Eeqk')
INSERT TrackAlbum(TrackID, AlbumID) VALUES(N'01zPnSlKCw9WLbY0kvNep0', N'6DN7GcZF1HywzrkGN6Eeqk')
INSERT TrackAlbum(TrackID, AlbumID) VALUES(N'3fCRPhzGYSd4y6K1qjFcIp', N'6DN7GcZF1HywzrkGN6Eeqk')
INSERT TrackAlbum(TrackID, AlbumID) VALUES(N'7hiBhOh4s8G0xmGYBAjyuw', N'6DN7GcZF1HywzrkGN6Eeqk')
INSERT TrackAlbum(TrackID, AlbumID) VALUES(N'4dfAUJI1QesmK5HfK9gtYs', N'6DN7GcZF1HywzrkGN6Eeqk')
INSERT TrackAlbum(TrackID, AlbumID) VALUES(N'3V2nJ58SmfZ28Uh0QfyL4Q', N'5qENHeCSlwWpEzb25peRmQ')
INSERT TrackAlbum(TrackID, AlbumID) VALUES(N'0fMWtRhzOoWoCo7dRHVEEa', N'5qENHeCSlwWpEzb25peRmQ')
INSERT TrackAlbum(TrackID, AlbumID) VALUES(N'2sGSId790ABFzGXx9VEdwl', N'5qENHeCSlwWpEzb25peRmQ')
INSERT TrackAlbum(TrackID, AlbumID) VALUES(N'1dWimOlV5KUHDerWZVDv5l', N'5qENHeCSlwWpEzb25peRmQ')
INSERT TrackAlbum(TrackID, AlbumID) VALUES(N'1PlMbi0Qkrlp9yVFM8JEXp', N'5qENHeCSlwWpEzb25peRmQ')
INSERT TrackAlbum(TrackID, AlbumID) VALUES(N'0fGh0trRN1xz3s41r7V5ce', N'5qENHeCSlwWpEzb25peRmQ')
INSERT TrackAlbum(TrackID, AlbumID) VALUES(N'1AcGKHRv5Q4TJd9yb4vjHE', N'5qENHeCSlwWpEzb25peRmQ')
INSERT TrackAlbum(TrackID, AlbumID) VALUES(N'3D2a29lN634NyexjFPY9rV', N'5TmwoxCapHJLw5cdnQupAl')
INSERT TrackAlbum(TrackID, AlbumID) VALUES(N'4XDQuvRrjGKuD1VzZsKY1a', N'5TmwoxCapHJLw5cdnQupAl')
INSERT TrackAlbum(TrackID, AlbumID) VALUES(N'5gw1ngV7cDILJHTujuvs6O', N'5TmwoxCapHJLw5cdnQupAl')
INSERT TrackAlbum(TrackID, AlbumID) VALUES(N'0Ms6R5cgFl2mvt3bnghtmk', N'5TmwoxCapHJLw5cdnQupAl')
INSERT TrackAlbum(TrackID, AlbumID) VALUES(N'7lVyeemuCDArnL706efpTl', N'5TmwoxCapHJLw5cdnQupAl')
INSERT TrackAlbum(TrackID, AlbumID) VALUES(N'5SMqAcyULA666x9M51t2wm', N'5TmwoxCapHJLw5cdnQupAl')
INSERT TrackAlbum(TrackID, AlbumID) VALUES(N'7wfgcuh43jsQCUsWReFzTR', N'5TmwoxCapHJLw5cdnQupAl')
INSERT TrackAlbum(TrackID, AlbumID) VALUES(N'2RsTjad1nVUGrQmSoL1m8Y', N'5qENHeCSlwWpEzb25peRmQ')
INSERT TrackAlbum(TrackID, AlbumID) VALUES(N'3Q0mJByJRrUTZGrBFYnfCP', N'5qENHeCSlwWpEzb25peRmQ')
INSERT TrackAlbum(TrackID, AlbumID) VALUES(N'5v8F7GFQgmCESBpPFbC9DN', N'5qENHeCSlwWpEzb25peRmQ')
INSERT TrackAlbum(TrackID, AlbumID) VALUES(N'0TGd9kXFDRQG9FF0netmah', N'5qENHeCSlwWpEzb25peRmQ')
INSERT TrackAlbum(TrackID, AlbumID) VALUES(N'5dZqnPqFR45xCZGWmxScqM', N'5qENHeCSlwWpEzb25peRmQ')
INSERT TrackAlbum(TrackID, AlbumID) VALUES(N'4ni8GyT1Lwn1LVl88MJsQd', N'5qENHeCSlwWpEzb25peRmQ')
INSERT TrackAlbum(TrackID, AlbumID) VALUES(N'4S06iZrLlGsSqKlK6paOv8', N'5qENHeCSlwWpEzb25peRmQ')
INSERT TrackAlbum(TrackID, AlbumID) VALUES(N'42YNobZ4HN3tRVEA47wLT6', N'5qENHeCSlwWpEzb25peRmQ')
INSERT TrackAlbum(TrackID, AlbumID) VALUES(N'2iveqBUOzQlQBSxgAlK0bs', N'5qENHeCSlwWpEzb25peRmQ')
INSERT TrackAlbum(TrackID, AlbumID) VALUES(N'7jmEukeWKG64zyTFDrBSdk', N'5qENHeCSlwWpEzb25peRmQ')
INSERT TrackAlbum(TrackID, AlbumID) VALUES(N'33WAOTIgd5JLc3CFZBaLQA', N'5qENHeCSlwWpEzb25peRmQ')
INSERT TrackAlbum(TrackID, AlbumID) VALUES(N'0gM2LPvmYnW1Gr6A3hS8Fg', N'5qENHeCSlwWpEzb25peRmQ')
INSERT TrackAlbum(TrackID, AlbumID) VALUES(N'1nYGBdTeHQd0YXqRBEDMGz', N'5qENHeCSlwWpEzb25peRmQ')
INSERT TrackAlbum(TrackID, AlbumID) VALUES(N'03MsOLzpQSyH46DZxkt84o', N'5qENHeCSlwWpEzb25peRmQ')
INSERT TrackAlbum(TrackID, AlbumID) VALUES(N'5ASZFbCod633wLragmPYTj', N'5qENHeCSlwWpEzb25peRmQ')
INSERT TrackAlbum(TrackID, AlbumID) VALUES(N'1zWcM9b68ZdftWCP7JyOTq', N'5qENHeCSlwWpEzb25peRmQ')
INSERT TrackAlbum(TrackID, AlbumID) VALUES(N'2jt2WxXMCD4zjACthkJQVE', N'3HNnxK7NgLXbDoxRZxNWiR')
INSERT TrackAlbum(TrackID, AlbumID) VALUES(N'2XTquzYQAdT1Hk78bOUwsv', N'3HNnxK7NgLXbDoxRZxNWiR')
INSERT TrackAlbum(TrackID, AlbumID) VALUES(N'0Uv5Kp8sEnriJjkX4oLfNI', N'3HNnxK7NgLXbDoxRZxNWiR')
INSERT TrackAlbum(TrackID, AlbumID) VALUES(N'0evt4UZbdhnHtcAnxkm6A1', N'3HNnxK7NgLXbDoxRZxNWiR')
INSERT TrackAlbum(TrackID, AlbumID) VALUES(N'6B3zy3LOKHndqsviCr2z15', N'3HNnxK7NgLXbDoxRZxNWiR')
INSERT TrackAlbum(TrackID, AlbumID) VALUES(N'60Z57Wdrn0pEVpHI7d7GAX', N'3HNnxK7NgLXbDoxRZxNWiR')
INSERT TrackAlbum(TrackID, AlbumID) VALUES(N'28FGV3ORH14MYORd7s5dlU', N'3HNnxK7NgLXbDoxRZxNWiR')
INSERT TrackAlbum(TrackID, AlbumID) VALUES(N'2gsNpSn7VvvJuSrIDfRoYy', N'3HNnxK7NgLXbDoxRZxNWiR')
INSERT TrackAlbum(TrackID, AlbumID) VALUES(N'58QhkbaAkLFnn7JwAnAato', N'3HNnxK7NgLXbDoxRZxNWiR')
INSERT TrackAlbum(TrackID, AlbumID) VALUES(N'09FfQO3PqHO4HIJL511Ksi', N'3HNnxK7NgLXbDoxRZxNWiR')
INSERT TrackAlbum(TrackID, AlbumID) VALUES(N'4g32MdRoqwGKQd3NXIRhpU', N'3HNnxK7NgLXbDoxRZxNWiR')
INSERT TrackAlbum(TrackID, AlbumID) VALUES(N'2SL6oP2YAEQbqsrkOzRGO4', N'3HNnxK7NgLXbDoxRZxNWiR')
INSERT TrackAlbum(TrackID, AlbumID) VALUES(N'7ccTcabbJlCJiIqtrSSwBk', N'4otkd9As6YaxxEkIjXPiZ6')
INSERT TrackAlbum(TrackID, AlbumID) VALUES(N'0q2vG0UVuy6ajjcpkQHdZM', N'4otkd9As6YaxxEkIjXPiZ6')
INSERT TrackAlbum(TrackID, AlbumID) VALUES(N'0GQ5bFTVFFKpwNPc7KwQnB', N'4otkd9As6YaxxEkIjXPiZ6')
INSERT TrackAlbum(TrackID, AlbumID) VALUES(N'4EmunTy7kNBYQivOa8F6b8', N'4otkd9As6YaxxEkIjXPiZ6')
INSERT TrackAlbum(TrackID, AlbumID) VALUES(N'0VSzREd1OjEWJ9tXoFHRQH', N'4otkd9As6YaxxEkIjXPiZ6')
INSERT TrackAlbum(TrackID, AlbumID) VALUES(N'7Dj2wqPYXfSRFwa6qyOztr', N'4otkd9As6YaxxEkIjXPiZ6')
INSERT TrackAlbum(TrackID, AlbumID) VALUES(N'5SiZJoLXp3WOl3J4C8IK0d', N'4otkd9As6YaxxEkIjXPiZ6')
INSERT TrackAlbum(TrackID, AlbumID) VALUES(N'5CpsIb7SMFHjmAG8RvIWfq', N'4otkd9As6YaxxEkIjXPiZ6')
INSERT TrackAlbum(TrackID, AlbumID) VALUES(N'5mZXWEH2eh8zMZGCxT5aW0', N'4otkd9As6YaxxEkIjXPiZ6')
INSERT TrackAlbum(TrackID, AlbumID) VALUES(N'2d3fdQ6OxmUIsF20eCpcrv', N'4otkd9As6YaxxEkIjXPiZ6')
INSERT TrackAlbum(TrackID, AlbumID) VALUES(N'3QVHSV8YKYq4L8tI5rnFgj', N'4otkd9As6YaxxEkIjXPiZ6')
INSERT TrackAlbum(TrackID, AlbumID) VALUES(N'34d7sGX6WUqq8f04e7CSNF', N'4otkd9As6YaxxEkIjXPiZ6')
INSERT TrackAlbum(TrackID, AlbumID) VALUES(N'40YbWniIEmqy6s58fYXLUh', N'4otkd9As6YaxxEkIjXPiZ6')
INSERT TrackAlbum(TrackID, AlbumID) VALUES(N'4qNWEOMyexn7b8Icyk29t9', N'4otkd9As6YaxxEkIjXPiZ6')
INSERT TrackAlbum(TrackID, AlbumID) VALUES(N'1qwMkkRiD5jqLeUUjfgblh', N'4otkd9As6YaxxEkIjXPiZ6')
INSERT TrackAlbum(TrackID, AlbumID) VALUES(N'74gykWHknHDrg4eMdcmdRq', N'4otkd9As6YaxxEkIjXPiZ6')
INSERT TrackAlbum(TrackID, AlbumID) VALUES(N'1lO9CZo6eDrOy0S7khgryG', N'4otkd9As6YaxxEkIjXPiZ6')
INSERT TrackAlbum(TrackID, AlbumID) VALUES(N'3CJbxqRQ0JNCqboWDNUUeX', N'4otkd9As6YaxxEkIjXPiZ6')
INSERT TrackAlbum(TrackID, AlbumID) VALUES(N'1WAwILvz37MkmZfmGnEXfg', N'4otkd9As6YaxxEkIjXPiZ6')
INSERT TrackAlbum(TrackID, AlbumID) VALUES(N'4VpkCmCnqgcUcysgHdTbYf', N'5devPxQnSKVF2Ed0CVwQZh')
INSERT TrackAlbum(TrackID, AlbumID) VALUES(N'4Ngh6rMVUCOFK30oO0iEMD', N'5devPxQnSKVF2Ed0CVwQZh')
INSERT TrackAlbum(TrackID, AlbumID) VALUES(N'6iTvdHhfGD9Gu0eD7VNRkR', N'5devPxQnSKVF2Ed0CVwQZh')
INSERT TrackAlbum(TrackID, AlbumID) VALUES(N'3S2bActYBlskH5gtanFIMO', N'5devPxQnSKVF2Ed0CVwQZh')
INSERT TrackAlbum(TrackID, AlbumID) VALUES(N'1LQDe2LxhReHitq7sdgLcN', N'5devPxQnSKVF2Ed0CVwQZh')
INSERT TrackAlbum(TrackID, AlbumID) VALUES(N'0bsFL9VF0BQCIvF2cRn0Sk', N'5devPxQnSKVF2Ed0CVwQZh')
INSERT TrackAlbum(TrackID, AlbumID) VALUES(N'1SlatjHQbN3SO0JERD4Mwk', N'5devPxQnSKVF2Ed0CVwQZh')
INSERT TrackAlbum(TrackID, AlbumID) VALUES(N'5lIYDDewEvlsOw7RSTlnr9', N'5devPxQnSKVF2Ed0CVwQZh')
INSERT TrackAlbum(TrackID, AlbumID) VALUES(N'23iSWEI5GZAGxHcJKYCuiC', N'5devPxQnSKVF2Ed0CVwQZh')
INSERT TrackAlbum(TrackID, AlbumID) VALUES(N'6ZOdsfgq6ygEPnG3nCIY8L', N'5devPxQnSKVF2Ed0CVwQZh')
INSERT TrackAlbum(TrackID, AlbumID) VALUES(N'4V1TOoANnpTNEXaDH95MKe', N'5devPxQnSKVF2Ed0CVwQZh')
INSERT TrackAlbum(TrackID, AlbumID) VALUES(N'2uI2KlfpxGGVnLnpNWdhHS', N'5devPxQnSKVF2Ed0CVwQZh')
INSERT TrackAlbum(TrackID, AlbumID) VALUES(N'1MksSIlQp0qQe8gYBxE8g7', N'1V2AYh4idtsw2CYlJGZNro')
INSERT TrackAlbum(TrackID, AlbumID) VALUES(N'6FPOXlsocQfNKNo2yn8PKm', N'1V2AYh4idtsw2CYlJGZNro')
INSERT TrackAlbum(TrackID, AlbumID) VALUES(N'1FmpzuETef4zTQc6azxJCP', N'1V2AYh4idtsw2CYlJGZNro')
INSERT TrackAlbum(TrackID, AlbumID) VALUES(N'6J9MUDZ96r7m1LdevPehIH', N'1V2AYh4idtsw2CYlJGZNro')
INSERT TrackAlbum(TrackID, AlbumID) VALUES(N'3tRK0db2wd6d2JBEblKTtl', N'1V2AYh4idtsw2CYlJGZNro')
INSERT TrackAlbum(TrackID, AlbumID) VALUES(N'3w9L5cvyoDu29d1dz4dEcI', N'1V2AYh4idtsw2CYlJGZNro')
INSERT TrackAlbum(TrackID, AlbumID) VALUES(N'05eKAYwnkIOJIwcZSJSzRs', N'1V2AYh4idtsw2CYlJGZNro')
INSERT TrackAlbum(TrackID, AlbumID) VALUES(N'3YvVFTEwaZs8AGZUcypxOd', N'1V2AYh4idtsw2CYlJGZNro')
INSERT TrackAlbum(TrackID, AlbumID) VALUES(N'5DvmvGpiGl2GEy5gp3rg7u', N'1V2AYh4idtsw2CYlJGZNro')
INSERT TrackAlbum(TrackID, AlbumID) VALUES(N'6PKOGoRNhAd01tltGGWg1s', N'1V2AYh4idtsw2CYlJGZNro')
INSERT TrackAlbum(TrackID, AlbumID) VALUES(N'5delR93ecqgtAIbhRdMDPO', N'1V2AYh4idtsw2CYlJGZNro')
INSERT TrackAlbum(TrackID, AlbumID) VALUES(N'05rizAAJYYh9y2SnAIoCPZ', N'1V2AYh4idtsw2CYlJGZNro')
INSERT TrackAlbum(TrackID, AlbumID) VALUES(N'7w8SXSTI9kyUTj1m4TbTQP', N'1V2AYh4idtsw2CYlJGZNro')
INSERT TrackAlbum(TrackID, AlbumID) VALUES(N'4j68DZOEftEeDjkMttWdll', N'1V2AYh4idtsw2CYlJGZNro')
INSERT TrackAlbum(TrackID, AlbumID) VALUES(N'6Jt1ccJG0ZiT9acRHl1YfQ', N'6BhqPpIgY83rqoZ2L78Lte')
INSERT TrackAlbum(TrackID, AlbumID) VALUES(N'06OV3qRCboo6THc73Vy2l5', N'6BhqPpIgY83rqoZ2L78Lte')
INSERT TrackAlbum(TrackID, AlbumID) VALUES(N'4HK0sl3lqQH0RR0dA0ZQH5', N'6BhqPpIgY83rqoZ2L78Lte')
INSERT TrackAlbum(TrackID, AlbumID) VALUES(N'58YZTutWhYcglUHl3Udnlj', N'6BhqPpIgY83rqoZ2L78Lte')
INSERT TrackAlbum(TrackID, AlbumID) VALUES(N'1J0WXgITM3l66pVKVOuXtz', N'6BhqPpIgY83rqoZ2L78Lte')
INSERT TrackAlbum(TrackID, AlbumID) VALUES(N'6Wo8blkPPnkSxDH23wSYvF', N'6BhqPpIgY83rqoZ2L78Lte')
INSERT TrackAlbum(TrackID, AlbumID) VALUES(N'6Amf1EKnnEYaWT2aeszsXl', N'6BhqPpIgY83rqoZ2L78Lte')
INSERT TrackAlbum(TrackID, AlbumID) VALUES(N'0II4vX2zmxXzNV6jpZNrrn', N'6BhqPpIgY83rqoZ2L78Lte')
INSERT TrackAlbum(TrackID, AlbumID) VALUES(N'1Z5BBovyC5r7Z23mGXvgoA', N'6BhqPpIgY83rqoZ2L78Lte')
INSERT TrackAlbum(TrackID, AlbumID) VALUES(N'4RJjxFnUWa1ZWxUiqZ3ZJN', N'6BhqPpIgY83rqoZ2L78Lte')
INSERT TrackAlbum(TrackID, AlbumID) VALUES(N'2NVDqyBmkPLANgy3S5He6d', N'6BhqPpIgY83rqoZ2L78Lte')
INSERT TrackAlbum(TrackID, AlbumID) VALUES(N'5bpaHLJ08GNBKW35ZfCYJy', N'6BhqPpIgY83rqoZ2L78Lte')
INSERT TrackAlbum(TrackID, AlbumID) VALUES(N'3YJNKUN2oTEARBNooWxhlx', N'6BhqPpIgY83rqoZ2L78Lte')
INSERT TrackAlbum(TrackID, AlbumID) VALUES(N'7jTBodGQzYdcXbiTIz5GEe', N'42eusslaYHJvhxttuMbwj9')
INSERT TrackAlbum(TrackID, AlbumID) VALUES(N'6LysH2MCHSCm6GnKWScHHA', N'42eusslaYHJvhxttuMbwj9')
INSERT TrackAlbum(TrackID, AlbumID) VALUES(N'3TM0Ohnzg5npnrXtPYi95H', N'42eusslaYHJvhxttuMbwj9')
INSERT TrackAlbum(TrackID, AlbumID) VALUES(N'5i7bDQUNHlTsRMJBVYJ032', N'42eusslaYHJvhxttuMbwj9')
INSERT TrackAlbum(TrackID, AlbumID) VALUES(N'7G7UNs17d0Grqk63M2MAwu', N'42eusslaYHJvhxttuMbwj9')
INSERT TrackAlbum(TrackID, AlbumID) VALUES(N'35BFaUG8cC4VLu4S07K6hJ', N'42eusslaYHJvhxttuMbwj9')
INSERT TrackAlbum(TrackID, AlbumID) VALUES(N'6W0Ja06Dh9Dj1Q7wAkFyea', N'42eusslaYHJvhxttuMbwj9')
INSERT TrackAlbum(TrackID, AlbumID) VALUES(N'2RskkQc3xmgs3peuYtXrDU', N'42eusslaYHJvhxttuMbwj9')
INSERT TrackAlbum(TrackID, AlbumID) VALUES(N'1HeIA8Es0YmMzx9wsW0jLK', N'42eusslaYHJvhxttuMbwj9')
INSERT TrackAlbum(TrackID, AlbumID) VALUES(N'2TaM61A70gNH7wuHt92itD', N'42eusslaYHJvhxttuMbwj9')
INSERT TrackAlbum(TrackID, AlbumID) VALUES(N'4t5vA7diJvcFGHMAEDrWzy', N'42eusslaYHJvhxttuMbwj9')
INSERT TrackAlbum(TrackID, AlbumID) VALUES(N'1VkhHPBER6TR0yfk7aZrgu', N'42eusslaYHJvhxttuMbwj9')
INSERT TrackAlbum(TrackID, AlbumID) VALUES(N'5cvu6MI9Hezs3NRU6ttFB5', N'42eusslaYHJvhxttuMbwj9')
INSERT TrackAlbum(TrackID, AlbumID) VALUES(N'78Mb1ZQcZ3zE464LiV5YqS', N'42eusslaYHJvhxttuMbwj9')
INSERT TrackAlbum(TrackID, AlbumID) VALUES(N'4F4jhvc8RtnQlErUunYMkA', N'42eusslaYHJvhxttuMbwj9')
INSERT TrackAlbum(TrackID, AlbumID) VALUES(N'4XC1US7ZHyZ6Gpa19zjuJS', N'42eusslaYHJvhxttuMbwj9')
INSERT TrackAlbum(TrackID, AlbumID) VALUES(N'7fRzEhB9YD9lKfm05F3CC9', N'42eusslaYHJvhxttuMbwj9')
INSERT TrackAlbum(TrackID, AlbumID) VALUES(N'6TGhSdj9CaXcxTHLjbNNYL', N'42eusslaYHJvhxttuMbwj9')
INSERT TrackAlbum(TrackID, AlbumID) VALUES(N'0JkY7NBGdF9bqbfOwah7UL', N'42eusslaYHJvhxttuMbwj9')
INSERT TrackAlbum(TrackID, AlbumID) VALUES(N'1ROdEjSQNMGFvckeRu68SE', N'42eusslaYHJvhxttuMbwj9')
INSERT TrackAlbum(TrackID, AlbumID) VALUES(N'4I0KYxM4fCPEHEQWTD79nV', N'42eusslaYHJvhxttuMbwj9')
INSERT TrackAlbum(TrackID, AlbumID) VALUES(N'0RWvjagX1YOcTNZ4EcKgqy', N'42eusslaYHJvhxttuMbwj9')
INSERT TrackAlbum(TrackID, AlbumID) VALUES(N'3nC2MUHFpwh4HRbWbu3OJt', N'42eusslaYHJvhxttuMbwj9')
INSERT TrackAlbum(TrackID, AlbumID) VALUES(N'3BovzKDaHT2jsEZj3Kku95', N'42eusslaYHJvhxttuMbwj9')
INSERT TrackAlbum(TrackID, AlbumID) VALUES(N'2l5HM51zhv1bcW3FIwD83m', N'42eusslaYHJvhxttuMbwj9')
INSERT TrackAlbum(TrackID, AlbumID) VALUES(N'3qOi3vUVZ242kglt5n7RhA', N'42eusslaYHJvhxttuMbwj9')
INSERT TrackAlbum(TrackID, AlbumID) VALUES(N'3KOsU0HxbEJ69R4KYpY86S', N'42eusslaYHJvhxttuMbwj9')
INSERT TrackAlbum(TrackID, AlbumID) VALUES(N'5SWGeRYwoqrrG97dFOCt4s', N'42eusslaYHJvhxttuMbwj9')
INSERT TrackAlbum(TrackID, AlbumID) VALUES(N'4912tpbfCZEcSqPvmQVu1W', N'42eusslaYHJvhxttuMbwj9')
INSERT TrackAlbum(TrackID, AlbumID) VALUES(N'6ouKlVFWfIFBbgHU9p1ZJd', N'42eusslaYHJvhxttuMbwj9')
INSERT TrackAlbum(TrackID, AlbumID) VALUES(N'1ONJfXwpdE7gS6i2SGFnF0', N'42eusslaYHJvhxttuMbwj9')
INSERT TrackAlbum(TrackID, AlbumID) VALUES(N'63ZszFJB21tmGvuosC0w5i', N'42eusslaYHJvhxttuMbwj9')
INSERT TrackAlbum(TrackID, AlbumID) VALUES(N'28zko4990ICbmC0dlMcB1n', N'42eusslaYHJvhxttuMbwj9')
INSERT TrackAlbum(TrackID, AlbumID) VALUES(N'2svayFy3POtVlBpSNUnrcL', N'42eusslaYHJvhxttuMbwj9')
INSERT TrackAlbum(TrackID, AlbumID) VALUES(N'660kr65d0O2AVIL0yfse4O', N'42eusslaYHJvhxttuMbwj9')
INSERT TrackAlbum(TrackID, AlbumID) VALUES(N'0MCZnO5mEeq8cOSk2DXbJO', N'0zFnhdX1FnfuExLlbVdnFU')
INSERT TrackAlbum(TrackID, AlbumID) VALUES(N'3NKUsAGxUxqlWiK1WlwAR1', N'0zFnhdX1FnfuExLlbVdnFU')
INSERT TrackAlbum(TrackID, AlbumID) VALUES(N'0BKsUAAa9voObnXzs4PJbd', N'0zFnhdX1FnfuExLlbVdnFU')
INSERT TrackAlbum(TrackID, AlbumID) VALUES(N'5b1DqW7n5AvEjVgw6jRzE9', N'0zFnhdX1FnfuExLlbVdnFU')
INSERT TrackAlbum(TrackID, AlbumID) VALUES(N'3VMSj3Nv5LTtji0aA7FFYv', N'0zFnhdX1FnfuExLlbVdnFU')
INSERT TrackAlbum(TrackID, AlbumID) VALUES(N'7oAVW3eC8hwcxfWe8qWZuQ', N'0zFnhdX1FnfuExLlbVdnFU')
INSERT TrackAlbum(TrackID, AlbumID) VALUES(N'54yfe0cZ0FXhEXscncAxdY', N'0zFnhdX1FnfuExLlbVdnFU')
INSERT TrackAlbum(TrackID, AlbumID) VALUES(N'1IMqNbxi2YkYpgwWrQ3415', N'0zFnhdX1FnfuExLlbVdnFU')
INSERT TrackAlbum(TrackID, AlbumID) VALUES(N'79PCqnvAUDQKfeYFAXnMPL', N'0zFnhdX1FnfuExLlbVdnFU')
INSERT TrackAlbum(TrackID, AlbumID) VALUES(N'7o2XVJLofa26zNHJFh1PCV', N'0zFnhdX1FnfuExLlbVdnFU')
INSERT TrackAlbum(TrackID, AlbumID) VALUES(N'7ck78E5l7QrlxRUPtWJj3T', N'0zFnhdX1FnfuExLlbVdnFU')
INSERT TrackAlbum(TrackID, AlbumID) VALUES(N'7zrPuEYifsTfBll62RZ30C', N'0zFnhdX1FnfuExLlbVdnFU')
INSERT TrackAlbum(TrackID, AlbumID) VALUES(N'0mclma7ytWRxThexb62uE2', N'0zFnhdX1FnfuExLlbVdnFU')
INSERT TrackAlbum(TrackID, AlbumID) VALUES(N'4KrTh9wcx7fn8dBQhfdKMi', N'0zFnhdX1FnfuExLlbVdnFU')
INSERT TrackAlbum(TrackID, AlbumID) VALUES(N'4z02bBuibhxi3cU5dxUdB4', N'0zFnhdX1FnfuExLlbVdnFU')
INSERT TrackAlbum(TrackID, AlbumID) VALUES(N'3JmpgU0GiVdAb9yITZPLct', N'0zFnhdX1FnfuExLlbVdnFU')
INSERT TrackAlbum(TrackID, AlbumID) VALUES(N'38IswsftaF0fMckl13yVUi', N'0zFnhdX1FnfuExLlbVdnFU')
INSERT TrackAlbum(TrackID, AlbumID) VALUES(N'66mBO2RwmFc71AsGBHU2YM', N'0zFnhdX1FnfuExLlbVdnFU')
INSERT TrackAlbum(TrackID, AlbumID) VALUES(N'4GbPT7LQNb1nQePEcakZvo', N'6QH6ltpFEZXObrQHmgpKSN')
INSERT TrackAlbum(TrackID, AlbumID) VALUES(N'74dFnSmE7o2flB5PT28mb8', N'6QH6ltpFEZXObrQHmgpKSN')
INSERT TrackAlbum(TrackID, AlbumID) VALUES(N'4fpgB0FJiQ2bH7SVBHcT7j', N'6QH6ltpFEZXObrQHmgpKSN')
INSERT TrackAlbum(TrackID, AlbumID) VALUES(N'6GfEXHNIiEYIRwgvuVR8s0', N'6QH6ltpFEZXObrQHmgpKSN')
INSERT TrackAlbum(TrackID, AlbumID) VALUES(N'7eraqImLpg2dhoQwusew3C', N'6QH6ltpFEZXObrQHmgpKSN')
INSERT TrackAlbum(TrackID, AlbumID) VALUES(N'5tdERSH4Mgu2dylN1rp3xr', N'6QH6ltpFEZXObrQHmgpKSN')
INSERT TrackAlbum(TrackID, AlbumID) VALUES(N'5jrs1wogI5iTazGAg0s5zo', N'6QH6ltpFEZXObrQHmgpKSN')
INSERT TrackAlbum(TrackID, AlbumID) VALUES(N'6CHW7Je7FeCCSsGrjSAkZp', N'6QH6ltpFEZXObrQHmgpKSN')
INSERT TrackAlbum(TrackID, AlbumID) VALUES(N'6rVeqP405c9TvZk6cEH3bL', N'6QH6ltpFEZXObrQHmgpKSN')
INSERT TrackAlbum(TrackID, AlbumID) VALUES(N'6HlYrk5AuljlJpzYgr8zh1', N'6QH6ltpFEZXObrQHmgpKSN')
INSERT TrackAlbum(TrackID, AlbumID) VALUES(N'1Rm03r3xeR4c9NbuRqEYtc', N'6QH6ltpFEZXObrQHmgpKSN')
INSERT TrackAlbum(TrackID, AlbumID) VALUES(N'0un5QdMnuibGplkMHYorvg', N'6QH6ltpFEZXObrQHmgpKSN')
INSERT TrackAlbum(TrackID, AlbumID) VALUES(N'4KGbQXQ8HKVypeKJslxQtH', N'75kN1qUWvE10QcnpE6nEsM')
INSERT TrackAlbum(TrackID, AlbumID) VALUES(N'2XkM4X2pJXTutY8IcUlDVc', N'75kN1qUWvE10QcnpE6nEsM')
INSERT TrackAlbum(TrackID, AlbumID) VALUES(N'7hY5jzlcuzefRTNCOQjlo9', N'75kN1qUWvE10QcnpE6nEsM')
INSERT TrackAlbum(TrackID, AlbumID) VALUES(N'3GIMe4KXSuMRxkxjHUhL6J', N'75kN1qUWvE10QcnpE6nEsM')
INSERT TrackAlbum(TrackID, AlbumID) VALUES(N'5piFhn0sH6i5iGaESBuTJd', N'75kN1qUWvE10QcnpE6nEsM')
INSERT TrackAlbum(TrackID, AlbumID) VALUES(N'74T9rL9UIqUUBQcHG1QY3I', N'75kN1qUWvE10QcnpE6nEsM')
INSERT TrackAlbum(TrackID, AlbumID) VALUES(N'4LKlmGTWGY8SHfIw0c9jQu', N'75kN1qUWvE10QcnpE6nEsM')
INSERT TrackAlbum(TrackID, AlbumID) VALUES(N'6vLV9rlz6hT1bR6rxptXfh', N'75kN1qUWvE10QcnpE6nEsM')
INSERT TrackAlbum(TrackID, AlbumID) VALUES(N'0Kb43WhfwnVCroQhAxHs6n', N'75kN1qUWvE10QcnpE6nEsM')
INSERT TrackAlbum(TrackID, AlbumID) VALUES(N'5I2pryLKw0kmA41kEBBhFP', N'75kN1qUWvE10QcnpE6nEsM')
INSERT TrackAlbum(TrackID, AlbumID) VALUES(N'63ge5ihHVtpxiY7Hpfm1sR', N'75kN1qUWvE10QcnpE6nEsM')
INSERT TrackAlbum(TrackID, AlbumID) VALUES(N'0q1ZGnRagRa4H9hkaVjefb', N'75kN1qUWvE10QcnpE6nEsM')
INSERT TrackAlbum(TrackID, AlbumID) VALUES(N'0L5pgyAg5kEO69Wn0PpS2Q', N'75kN1qUWvE10QcnpE6nEsM')
INSERT TrackAlbum(TrackID, AlbumID) VALUES(N'1S1okClkzegysOB8bmf3pA', N'1vHt4VQ8zOxUNmMXR80Y42')
INSERT TrackAlbum(TrackID, AlbumID) VALUES(N'6UOrfglbhTUHNLBqOYSndG', N'1vHt4VQ8zOxUNmMXR80Y42')
INSERT TrackAlbum(TrackID, AlbumID) VALUES(N'7Bckb6s0bfnFNjz3yNQwps', N'1vHt4VQ8zOxUNmMXR80Y42')
INSERT TrackAlbum(TrackID, AlbumID) VALUES(N'1z8vdEfAPuouGYkANnUPRF', N'1vHt4VQ8zOxUNmMXR80Y42')
INSERT TrackAlbum(TrackID, AlbumID) VALUES(N'2qYYldFfktyE4O8GyLSbmf', N'1vHt4VQ8zOxUNmMXR80Y42')
INSERT TrackAlbum(TrackID, AlbumID) VALUES(N'5npn5f8L2OZI0CJVhRhB69', N'1vHt4VQ8zOxUNmMXR80Y42')
INSERT TrackAlbum(TrackID, AlbumID) VALUES(N'2OJZYIOnFeivYkgaMkEpFp', N'1vHt4VQ8zOxUNmMXR80Y42')
INSERT TrackAlbum(TrackID, AlbumID) VALUES(N'5qPkDJLmvbD1DVlP0vU2uY', N'1vHt4VQ8zOxUNmMXR80Y42')
INSERT TrackAlbum(TrackID, AlbumID) VALUES(N'19lxX0ZdzmDEC2nup6cX6c', N'1vHt4VQ8zOxUNmMXR80Y42')
INSERT TrackAlbum(TrackID, AlbumID) VALUES(N'09XrvoAUjr9lVMuTZsbPwC', N'1vHt4VQ8zOxUNmMXR80Y42')
INSERT TrackAlbum(TrackID, AlbumID) VALUES(N'1ykcXvriwAOeeSHAWTfb7Q', N'1vHt4VQ8zOxUNmMXR80Y42')
INSERT TrackAlbum(TrackID, AlbumID) VALUES(N'3VdNjgoLw5M1YsoC8SGfuy', N'7oR8aZ4ECropTmxPydooZ9')
INSERT TrackAlbum(TrackID, AlbumID) VALUES(N'3eqDiFEjN09mT86ZxV0cQ7', N'7oR8aZ4ECropTmxPydooZ9')
INSERT TrackAlbum(TrackID, AlbumID) VALUES(N'2nSsS9Rf6HQeJ7yK4mw1kP', N'7oR8aZ4ECropTmxPydooZ9')
INSERT TrackAlbum(TrackID, AlbumID) VALUES(N'2zbGAJHx8SKEFOTkloYoi4', N'7oR8aZ4ECropTmxPydooZ9')
INSERT TrackAlbum(TrackID, AlbumID) VALUES(N'7G4HMJbwSQLtrgbIefw0VA', N'7oR8aZ4ECropTmxPydooZ9')
INSERT TrackAlbum(TrackID, AlbumID) VALUES(N'47pgnnmY0R0spkwAMMWpNq', N'7oR8aZ4ECropTmxPydooZ9')
INSERT TrackAlbum(TrackID, AlbumID) VALUES(N'3tb2Rr1hSKrhmAGhARs7yf', N'7oR8aZ4ECropTmxPydooZ9')
INSERT TrackAlbum(TrackID, AlbumID) VALUES(N'38ukUkU69g6DGQCd3ayFGO', N'7oR8aZ4ECropTmxPydooZ9')
INSERT TrackAlbum(TrackID, AlbumID) VALUES(N'2377q16lGJp3iqRN5SdjXl', N'7oR8aZ4ECropTmxPydooZ9')
INSERT TrackAlbum(TrackID, AlbumID) VALUES(N'24CddFkMemTIlczJkcSUNE', N'7oR8aZ4ECropTmxPydooZ9')
INSERT TrackAlbum(TrackID, AlbumID) VALUES(N'7gv3Z2VSvWjEA4HEqVtXtF', N'7oR8aZ4ECropTmxPydooZ9')
INSERT TrackAlbum(TrackID, AlbumID) VALUES(N'7LYl247HucCqb1SXIE4mpb', N'7oR8aZ4ECropTmxPydooZ9')
INSERT TrackAlbum(TrackID, AlbumID) VALUES(N'0Tk2agqmwJajtoX6sCxngb', N'7oR8aZ4ECropTmxPydooZ9')
INSERT TrackAlbum(TrackID, AlbumID) VALUES(N'0suvhcO8s8zpp7u3YFJxas', N'7oR8aZ4ECropTmxPydooZ9')
INSERT TrackAlbum(TrackID, AlbumID) VALUES(N'4NAVQAXNJOqLPn346v3eQg', N'7oR8aZ4ECropTmxPydooZ9')
INSERT TrackAlbum(TrackID, AlbumID) VALUES(N'6SH8ffmA8APCauRRNVcwT1', N'7oR8aZ4ECropTmxPydooZ9')
INSERT TrackAlbum(TrackID, AlbumID) VALUES(N'6HraU1Tt4h6LXKjIB8yx2d', N'7oR8aZ4ECropTmxPydooZ9')
INSERT TrackAlbum(TrackID, AlbumID) VALUES(N'0TQES8k46jdo5LCkmzeZfp', N'7oR8aZ4ECropTmxPydooZ9')
INSERT TrackAlbum(TrackID, AlbumID) VALUES(N'3GhPnMDZmyP95mKlcRRx0Y', N'7oR8aZ4ECropTmxPydooZ9')
INSERT TrackAlbum(TrackID, AlbumID) VALUES(N'5JZvZh1cTxet4c8RRsY6cG', N'7oR8aZ4ECropTmxPydooZ9')
INSERT TrackAlbum(TrackID, AlbumID) VALUES(N'57iXIQYshWQ213cpjE7SgO', N'7oR8aZ4ECropTmxPydooZ9')
INSERT TrackAlbum(TrackID, AlbumID) VALUES(N'2XgXCt48WUKclfuHCfbQ3h', N'5xJSVog0izeuIURO34C7Qa')
INSERT TrackAlbum(TrackID, AlbumID) VALUES(N'07K610YCf6q6uE5THimBb3', N'5xJSVog0izeuIURO34C7Qa')
INSERT TrackAlbum(TrackID, AlbumID) VALUES(N'08QZBupqwLXOalOpgiTi5e', N'5xJSVog0izeuIURO34C7Qa')
INSERT TrackAlbum(TrackID, AlbumID) VALUES(N'3YYwcT63iArNkWtI8T9xDj', N'5xJSVog0izeuIURO34C7Qa')
INSERT TrackAlbum(TrackID, AlbumID) VALUES(N'0GZKQm2bW1DSmUxvb7NXDC', N'5xJSVog0izeuIURO34C7Qa')
INSERT TrackAlbum(TrackID, AlbumID) VALUES(N'4DpVLXMJpcCUGVd8hSM15Z', N'5xJSVog0izeuIURO34C7Qa')
INSERT TrackAlbum(TrackID, AlbumID) VALUES(N'5L4XI3rAipDiTKdYOoS27G', N'5xJSVog0izeuIURO34C7Qa')
INSERT TrackAlbum(TrackID, AlbumID) VALUES(N'3NtHU8jqIAERWScI9cJUIo', N'5xJSVog0izeuIURO34C7Qa')
INSERT TrackAlbum(TrackID, AlbumID) VALUES(N'45PwQHOUx6EQZ9pCbMC8lu', N'5xJSVog0izeuIURO34C7Qa')
INSERT TrackAlbum(TrackID, AlbumID) VALUES(N'6GF7nsLEJ16bIEHuGBH7h5', N'5xJSVog0izeuIURO34C7Qa')
INSERT TrackAlbum(TrackID, AlbumID) VALUES(N'7KQ2eHNPNc9JWFn5NGdnn6', N'5xJSVog0izeuIURO34C7Qa')
INSERT TrackAlbum(TrackID, AlbumID) VALUES(N'55BnUofUqupastRt9118pO', N'5xJSVog0izeuIURO34C7Qa')
INSERT TrackAlbum(TrackID, AlbumID) VALUES(N'6E6xVYnTszA6MerlIuiAoY', N'5xJSVog0izeuIURO34C7Qa')
INSERT TrackAlbum(TrackID, AlbumID) VALUES(N'7zrHnJ87htwgS20PzFmgTr', N'7A830iYFt7vb0n0aMLyj5Z')
INSERT TrackAlbum(TrackID, AlbumID) VALUES(N'742xIz52S7SuO3l5iYZ7I5', N'7A830iYFt7vb0n0aMLyj5Z')
INSERT TrackAlbum(TrackID, AlbumID) VALUES(N'3EjU4PpZ6rvbUR70YlDEa6', N'7A830iYFt7vb0n0aMLyj5Z')
INSERT TrackAlbum(TrackID, AlbumID) VALUES(N'1wLsq01yVaIFOFlmtVy1W0', N'7A830iYFt7vb0n0aMLyj5Z')
INSERT TrackAlbum(TrackID, AlbumID) VALUES(N'5EmUMk42Am4f3bpatZHuPH', N'7A830iYFt7vb0n0aMLyj5Z')
INSERT TrackAlbum(TrackID, AlbumID) VALUES(N'5kVSDFEAqgjKtcD6tRvRzY', N'7A830iYFt7vb0n0aMLyj5Z')
INSERT TrackAlbum(TrackID, AlbumID) VALUES(N'2ngqFjfI2npmPQYuQaBCNz', N'7A830iYFt7vb0n0aMLyj5Z')
INSERT TrackAlbum(TrackID, AlbumID) VALUES(N'54Gnnzf64nOe3p7uDv1HdK', N'7A830iYFt7vb0n0aMLyj5Z')
INSERT TrackAlbum(TrackID, AlbumID) VALUES(N'0m9hl8ZhjYFqVKPVSN2Xhb', N'7A830iYFt7vb0n0aMLyj5Z')
INSERT TrackAlbum(TrackID, AlbumID) VALUES(N'41RlTAAmlNhuhPx8rPZlDS', N'7A830iYFt7vb0n0aMLyj5Z')
INSERT TrackAlbum(TrackID, AlbumID) VALUES(N'0d5OjJpP79QvO24yisI7qq', N'7A830iYFt7vb0n0aMLyj5Z')
INSERT TrackAlbum(TrackID, AlbumID) VALUES(N'0Z0fC0YNVyikjF50WMRdgS', N'7A830iYFt7vb0n0aMLyj5Z')
INSERT TrackAlbum(TrackID, AlbumID) VALUES(N'22wv8V0iKkce2mmuublNUg', N'21zdv4QjuegVPhA9tro0HF')
INSERT TrackAlbum(TrackID, AlbumID) VALUES(N'3fGd114auQsTN0YLJNz2hF', N'21zdv4QjuegVPhA9tro0HF')
INSERT TrackAlbum(TrackID, AlbumID) VALUES(N'6H58IiE3Pjg2V3CGTTYLFB', N'21zdv4QjuegVPhA9tro0HF')
INSERT TrackAlbum(TrackID, AlbumID) VALUES(N'3wN17W9zqsGOvKUTdwSUkt', N'21zdv4QjuegVPhA9tro0HF')
INSERT TrackAlbum(TrackID, AlbumID) VALUES(N'2Fa2MRIkgvqdofibz62vhr', N'21zdv4QjuegVPhA9tro0HF')
INSERT TrackAlbum(TrackID, AlbumID) VALUES(N'3Lp5jMPth1OCBTuxrsBrgx', N'21zdv4QjuegVPhA9tro0HF')
INSERT TrackAlbum(TrackID, AlbumID) VALUES(N'4nFXwqb0IEFTVSLMEbpPEx', N'21zdv4QjuegVPhA9tro0HF')
INSERT TrackAlbum(TrackID, AlbumID) VALUES(N'2bm4wX1tNB6K2RfJcOeP60', N'21zdv4QjuegVPhA9tro0HF')
INSERT TrackAlbum(TrackID, AlbumID) VALUES(N'30semTcfeCDyb14WpyOegh', N'21zdv4QjuegVPhA9tro0HF')
INSERT TrackAlbum(TrackID, AlbumID) VALUES(N'7Fdb0opzMQ1lvXA8MCsX20', N'21zdv4QjuegVPhA9tro0HF')
INSERT TrackAlbum(TrackID, AlbumID) VALUES(N'5GeLv9V1yAzaHPSrE20AYD', N'21zdv4QjuegVPhA9tro0HF')
INSERT TrackAlbum(TrackID, AlbumID) VALUES(N'3gcj3ZkxQ8NIvIlMVbFqes', N'21zdv4QjuegVPhA9tro0HF')
INSERT TrackAlbum(TrackID, AlbumID) VALUES(N'2I3gCLPIFP8WcVtMHM4NXz', N'21zdv4QjuegVPhA9tro0HF')
INSERT TrackAlbum(TrackID, AlbumID) VALUES(N'6OC7KGUZWnfA76r9IbYsAy', N'21zdv4QjuegVPhA9tro0HF')
INSERT TrackAlbum(TrackID, AlbumID) VALUES(N'3JaWTOUAO2r8A0l3VZqW1E', N'21zdv4QjuegVPhA9tro0HF')
INSERT TrackAlbum(TrackID, AlbumID) VALUES(N'3o7A6UNGdIqI35ixRH9EM9', N'21zdv4QjuegVPhA9tro0HF')
INSERT TrackAlbum(TrackID, AlbumID) VALUES(N'0PtK3muol2Hd5PHJFVVKi0', N'21zdv4QjuegVPhA9tro0HF')
INSERT TrackAlbum(TrackID, AlbumID) VALUES(N'1DqKQQxyoIXaOVC9ChbYZy', N'21zdv4QjuegVPhA9tro0HF')
INSERT TrackAlbum(TrackID, AlbumID) VALUES(N'63g7Z2JC9t4zUBykMvJcm9', N'21zdv4QjuegVPhA9tro0HF')
INSERT TrackAlbum(TrackID, AlbumID) VALUES(N'4E0hCWLiAHoxTeBXiJqeFj', N'21zdv4QjuegVPhA9tro0HF')
INSERT TrackAlbum(TrackID, AlbumID) VALUES(N'4cuHygiGZuEeaAMTh6q8H6', N'21zdv4QjuegVPhA9tro0HF')
INSERT TrackAlbum(TrackID, AlbumID) VALUES(N'2lGm0Lvm2a30SGElpHKeoG', N'21zdv4QjuegVPhA9tro0HF')
INSERT TrackAlbum(TrackID, AlbumID) VALUES(N'5qR9xb6VuXZsAv1bd3oRgh', N'21zdv4QjuegVPhA9tro0HF')
INSERT TrackAlbum(TrackID, AlbumID) VALUES(N'2tFykPvhvN1AdUkeQQLCuV', N'29HIscCMZKDTvGBWOQgbyf')
INSERT TrackAlbum(TrackID, AlbumID) VALUES(N'7lJ8AcD7hEnTBLz1sixHey', N'29HIscCMZKDTvGBWOQgbyf')
INSERT TrackAlbum(TrackID, AlbumID) VALUES(N'0iknUVjF5tojBSTqC3pL0S', N'29HIscCMZKDTvGBWOQgbyf')
INSERT TrackAlbum(TrackID, AlbumID) VALUES(N'5ymKK4A0mInBFBKYJjRXTj', N'29HIscCMZKDTvGBWOQgbyf')
INSERT TrackAlbum(TrackID, AlbumID) VALUES(N'0dhsKLr6aJNpHTvsgRI2j5', N'29HIscCMZKDTvGBWOQgbyf')
INSERT TrackAlbum(TrackID, AlbumID) VALUES(N'0hdPw0RRNCFFnCuYxLS59D', N'29HIscCMZKDTvGBWOQgbyf')
INSERT TrackAlbum(TrackID, AlbumID) VALUES(N'1XobP3s3u53mtkls75CsUM', N'29HIscCMZKDTvGBWOQgbyf')
INSERT TrackAlbum(TrackID, AlbumID) VALUES(N'6iqlxdQjvNlAuUrHCgMau8', N'29HIscCMZKDTvGBWOQgbyf')
INSERT TrackAlbum(TrackID, AlbumID) VALUES(N'1HLbfFVLMVPphzckhhHdyi', N'29HIscCMZKDTvGBWOQgbyf')
INSERT TrackAlbum(TrackID, AlbumID) VALUES(N'40t9J3bHtmX6mOHjZTQe8N', N'29HIscCMZKDTvGBWOQgbyf')
INSERT TrackAlbum(TrackID, AlbumID) VALUES(N'6oYzuOipuYP9ZpOgWmVAKP', N'29HIscCMZKDTvGBWOQgbyf')
INSERT TrackAlbum(TrackID, AlbumID) VALUES(N'7An0G5kTdjJrhd9uh8kfdh', N'29HIscCMZKDTvGBWOQgbyf')
INSERT TrackAlbum(TrackID, AlbumID) VALUES(N'0YM8m2dJ9DKiUO6ZnGzYu6', N'29HIscCMZKDTvGBWOQgbyf')
INSERT TrackAlbum(TrackID, AlbumID) VALUES(N'6FKhpbg9wqiztNQp5q6Hxb', N'29HIscCMZKDTvGBWOQgbyf')
INSERT TrackAlbum(TrackID, AlbumID) VALUES(N'5OJSOpqtBwoexsDgGb61zo', N'29HIscCMZKDTvGBWOQgbyf')
INSERT TrackAlbum(TrackID, AlbumID) VALUES(N'2sy0R1slj9T7vDeq33C1Eg', N'29HIscCMZKDTvGBWOQgbyf')
INSERT TrackAlbum(TrackID, AlbumID) VALUES(N'4rXZ7zmDDk739IWHrLcVt1', N'2O3avtEIE8xX9F0zcIjIZI')
INSERT TrackAlbum(TrackID, AlbumID) VALUES(N'1AHJ9o9ANGVX80oESbiViR', N'2O3avtEIE8xX9F0zcIjIZI')
INSERT TrackAlbum(TrackID, AlbumID) VALUES(N'24sruCj3p7EjKUwUQmxC1U', N'2O3avtEIE8xX9F0zcIjIZI')
INSERT TrackAlbum(TrackID, AlbumID) VALUES(N'5JN70TFrbjjHVJkKfSXlAn', N'2O3avtEIE8xX9F0zcIjIZI')
INSERT TrackAlbum(TrackID, AlbumID) VALUES(N'4mai1CggFbdIpK8MEohA0K', N'2O3avtEIE8xX9F0zcIjIZI')
INSERT TrackAlbum(TrackID, AlbumID) VALUES(N'5RqFC823JhgZjcX2p5pLC2', N'2O3avtEIE8xX9F0zcIjIZI')
INSERT TrackAlbum(TrackID, AlbumID) VALUES(N'4t2L7UTfOcUBF4P8j2eA45', N'2O3avtEIE8xX9F0zcIjIZI')
INSERT TrackAlbum(TrackID, AlbumID) VALUES(N'7dqmragLm9YMSqy4UCKO5P', N'2O3avtEIE8xX9F0zcIjIZI')
INSERT TrackAlbum(TrackID, AlbumID) VALUES(N'1S0xoTJmQCIhbpj9c1ZphK', N'2O3avtEIE8xX9F0zcIjIZI')
INSERT TrackAlbum(TrackID, AlbumID) VALUES(N'3DnGO6nNtrPOy8N2pKxk9F', N'2O3avtEIE8xX9F0zcIjIZI')
INSERT TrackAlbum(TrackID, AlbumID) VALUES(N'5MIoOiIkw77j5OGDlDbM3v', N'2O3avtEIE8xX9F0zcIjIZI')
INSERT TrackAlbum(TrackID, AlbumID) VALUES(N'62Vo9XI7EBbop77Wl4QoQ9', N'2O3avtEIE8xX9F0zcIjIZI')
INSERT TrackAlbum(TrackID, AlbumID) VALUES(N'07fNOvllfYmjvQU76biksH', N'2O3avtEIE8xX9F0zcIjIZI')
INSERT TrackAlbum(TrackID, AlbumID) VALUES(N'28Q9uWuoLNCl3e8fJADaL1', N'2O3avtEIE8xX9F0zcIjIZI')
INSERT TrackAlbum(TrackID, AlbumID) VALUES(N'7BAgDWYAV5Ae7DtUnJi9xo', N'2O3avtEIE8xX9F0zcIjIZI')
INSERT TrackAlbum(TrackID, AlbumID) VALUES(N'3uPImxAltF6FcSGIC3OPWq', N'2O3avtEIE8xX9F0zcIjIZI')
INSERT TrackAlbum(TrackID, AlbumID) VALUES(N'20NMvQ7078gahRN511FACT', N'2O3avtEIE8xX9F0zcIjIZI')
INSERT TrackAlbum(TrackID, AlbumID) VALUES(N'4rzaPfWO07Cs1PIyXecjB2', N'2O3avtEIE8xX9F0zcIjIZI')
INSERT TrackAlbum(TrackID, AlbumID) VALUES(N'4YUSC63LMMUbaeLjcfT4Go', N'2LG4zoUVueg6iYQTHEQLx6')
INSERT TrackAlbum(TrackID, AlbumID) VALUES(N'5xqK2CfiscQLAXpNxomQMz', N'2LG4zoUVueg6iYQTHEQLx6')
INSERT TrackAlbum(TrackID, AlbumID) VALUES(N'1EosR6LgyX7C4kNDUsbqsg', N'2LG4zoUVueg6iYQTHEQLx6')
INSERT TrackAlbum(TrackID, AlbumID) VALUES(N'0E5eM3bcpUhvaqVs0RwBB1', N'2LG4zoUVueg6iYQTHEQLx6')
INSERT TrackAlbum(TrackID, AlbumID) VALUES(N'3AYzGpMFthLueizq9qvWOs', N'2LG4zoUVueg6iYQTHEQLx6')
INSERT TrackAlbum(TrackID, AlbumID) VALUES(N'6PHPbZkJmYAoKyGKa2qAQW', N'2LG4zoUVueg6iYQTHEQLx6')
INSERT TrackAlbum(TrackID, AlbumID) VALUES(N'3gkUwapKvvRpxkj7kiWark', N'2LG4zoUVueg6iYQTHEQLx6')
INSERT TrackAlbum(TrackID, AlbumID) VALUES(N'73laP3hZ9Yipu73tkyQ3cE', N'2LG4zoUVueg6iYQTHEQLx6')
INSERT TrackAlbum(TrackID, AlbumID) VALUES(N'5HkWcIkVoUKsMq1Qvqvg3H', N'2LG4zoUVueg6iYQTHEQLx6')
INSERT TrackAlbum(TrackID, AlbumID) VALUES(N'2PlPegkfW8hx7HLfOlWrz2', N'2LG4zoUVueg6iYQTHEQLx6')
INSERT TrackAlbum(TrackID, AlbumID) VALUES(N'5aFPkGyURyOpilNqIcmphC', N'2LG4zoUVueg6iYQTHEQLx6')
INSERT TrackAlbum(TrackID, AlbumID) VALUES(N'71IqEhkA7JJ9Ti3NHeRjZT', N'2LG4zoUVueg6iYQTHEQLx6')
INSERT TrackAlbum(TrackID, AlbumID) VALUES(N'0R9q3imnid244T1ty47MGs', N'23vzCh5cDn0LzdGmGWrT1d')
INSERT TrackAlbum(TrackID, AlbumID) VALUES(N'4s4S5JJGfqXGlNY6eQZWQB', N'23vzCh5cDn0LzdGmGWrT1d')
INSERT TrackAlbum(TrackID, AlbumID) VALUES(N'7vIyudiO2Tr9hZ2yzfwQmx', N'23vzCh5cDn0LzdGmGWrT1d')
INSERT TrackAlbum(TrackID, AlbumID) VALUES(N'6gpkTvvmychrSmqTOlkdYf', N'23vzCh5cDn0LzdGmGWrT1d')
INSERT TrackAlbum(TrackID, AlbumID) VALUES(N'5HqK6HOczMtdrnvYmDZgAI', N'23vzCh5cDn0LzdGmGWrT1d')
INSERT TrackAlbum(TrackID, AlbumID) VALUES(N'4J3kArNud5C3B98dbCZXE4', N'23vzCh5cDn0LzdGmGWrT1d')
INSERT TrackAlbum(TrackID, AlbumID) VALUES(N'2AyGYefMitcHfYGOtzsEWf', N'23vzCh5cDn0LzdGmGWrT1d')
INSERT TrackAlbum(TrackID, AlbumID) VALUES(N'5YBWXntTBc5P0NWS9hClHG', N'23vzCh5cDn0LzdGmGWrT1d')
INSERT TrackAlbum(TrackID, AlbumID) VALUES(N'42LXJi06Y5KXYAJCsZSPv1', N'23vzCh5cDn0LzdGmGWrT1d')
INSERT TrackAlbum(TrackID, AlbumID) VALUES(N'33J7vGytLYoIAomYcZn8kl', N'23vzCh5cDn0LzdGmGWrT1d')
INSERT TrackAlbum(TrackID, AlbumID) VALUES(N'0g0MBBxtDRy8Igs0AzSZR4', N'23vzCh5cDn0LzdGmGWrT1d')
INSERT TrackAlbum(TrackID, AlbumID) VALUES(N'23zMvkiwXFOM7Y1bO954GA', N'23vzCh5cDn0LzdGmGWrT1d')
INSERT TrackAlbum(TrackID, AlbumID) VALUES(N'2czBvzOv3TvnyoW7Ozo7fP', N'23vzCh5cDn0LzdGmGWrT1d')
INSERT TrackAlbum(TrackID, AlbumID) VALUES(N'5aAfwNuKUeDuZd4wkUPlA2', N'23vzCh5cDn0LzdGmGWrT1d')
INSERT TrackAlbum(TrackID, AlbumID) VALUES(N'5A2wRK7ch9tg6k5iibUsgT', N'23vzCh5cDn0LzdGmGWrT1d')
INSERT TrackAlbum(TrackID, AlbumID) VALUES(N'5gyGC6yxOrsgDeXT1RbyB8', N'18up6NykzEl2aS94I6TVDg')
INSERT TrackAlbum(TrackID, AlbumID) VALUES(N'2CH5XYVNucZGLFageGKY4j', N'18up6NykzEl2aS94I6TVDg')
INSERT TrackAlbum(TrackID, AlbumID) VALUES(N'3DjCCPaL1Pz2lQf2ZnER5X', N'18up6NykzEl2aS94I6TVDg')
INSERT TrackAlbum(TrackID, AlbumID) VALUES(N'1H7VGH2n4xNqi1bu6TSkGk', N'18up6NykzEl2aS94I6TVDg')
INSERT TrackAlbum(TrackID, AlbumID) VALUES(N'2spI9rsadtH5OlgMWuWX8e', N'18up6NykzEl2aS94I6TVDg')
INSERT TrackAlbum(TrackID, AlbumID) VALUES(N'5NlQ1ZbINkFVX2vtDyFd2d', N'18up6NykzEl2aS94I6TVDg')
INSERT TrackAlbum(TrackID, AlbumID) VALUES(N'5tLEgFI1Ud3bl5wPktw7mt', N'18up6NykzEl2aS94I6TVDg')
INSERT TrackAlbum(TrackID, AlbumID) VALUES(N'2MyeqmDOYcGkGjwCQEYqvn', N'18up6NykzEl2aS94I6TVDg')
INSERT TrackAlbum(TrackID, AlbumID) VALUES(N'6fBaMrWPbIWEad5586YHQJ', N'18up6NykzEl2aS94I6TVDg')
INSERT TrackAlbum(TrackID, AlbumID) VALUES(N'4UkLtb37oAQ2upk6ZHaEPy', N'18up6NykzEl2aS94I6TVDg')
INSERT TrackAlbum(TrackID, AlbumID) VALUES(N'34v2XQhXpDBsBBvPEKYgQQ', N'18up6NykzEl2aS94I6TVDg')
INSERT TrackAlbum(TrackID, AlbumID) VALUES(N'39ubLATraO7fddNQ0W9lDA', N'18up6NykzEl2aS94I6TVDg')
INSERT TrackAlbum(TrackID, AlbumID) VALUES(N'7ozOQFAmwalQkeeolsyjRm', N'18up6NykzEl2aS94I6TVDg')
INSERT TrackAlbum(TrackID, AlbumID) VALUES(N'4UlBtmUq5yYHQwudisYKcH', N'18up6NykzEl2aS94I6TVDg')
INSERT TrackAlbum(TrackID, AlbumID) VALUES(N'1AUtxUq1VeSpNTCLEmAk5V', N'18up6NykzEl2aS94I6TVDg')
INSERT TrackAlbum(TrackID, AlbumID) VALUES(N'4kJ6ZBswtsro4egEc8XRqT', N'18up6NykzEl2aS94I6TVDg')
INSERT TrackAlbum(TrackID, AlbumID) VALUES(N'7lJw4d1UWVi6LHSbtZjD6g', N'18up6NykzEl2aS94I6TVDg')
INSERT TrackAlbum(TrackID, AlbumID) VALUES(N'3D7GBqWn62bZRiaCM0osf0', N'18up6NykzEl2aS94I6TVDg')
INSERT TrackAlbum(TrackID, AlbumID) VALUES(N'42ArmxaBZiLy6uPAJ8sXkE', N'18up6NykzEl2aS94I6TVDg')
INSERT TrackAlbum(TrackID, AlbumID) VALUES(N'6MjhFQORsv3ba7Yi9qKZqk', N'18up6NykzEl2aS94I6TVDg')
INSERT TrackAlbum(TrackID, AlbumID) VALUES(N'1Dn8PomeryqydNc83iZJES', N'66jkXWapz34Z8XPnLpknWv')
INSERT TrackAlbum(TrackID, AlbumID) VALUES(N'3pSmYqHvK72aa672EQy0sv', N'66jkXWapz34Z8XPnLpknWv')
INSERT TrackAlbum(TrackID, AlbumID) VALUES(N'1UWdVvkyBjhB9loaDKz1me', N'66jkXWapz34Z8XPnLpknWv')
INSERT TrackAlbum(TrackID, AlbumID) VALUES(N'1NMzgjZ5eCpWWIvYkpVGKo', N'66jkXWapz34Z8XPnLpknWv')
INSERT TrackAlbum(TrackID, AlbumID) VALUES(N'2rvMhhCjxas383ArMOKc0I', N'66jkXWapz34Z8XPnLpknWv')
INSERT TrackAlbum(TrackID, AlbumID) VALUES(N'49apJFCXTCOhkIz3inP0O8', N'66jkXWapz34Z8XPnLpknWv')
INSERT TrackAlbum(TrackID, AlbumID) VALUES(N'4Kel1dUsQKDGsj39cvgAcw', N'66jkXWapz34Z8XPnLpknWv')
INSERT TrackAlbum(TrackID, AlbumID) VALUES(N'1RKEM5tENOIAVzIhU1puqs', N'66jkXWapz34Z8XPnLpknWv')
INSERT TrackAlbum(TrackID, AlbumID) VALUES(N'1gy1tTEB4LgqoWUXa2tLBh', N'66jkXWapz34Z8XPnLpknWv')
INSERT TrackAlbum(TrackID, AlbumID) VALUES(N'1qJUYVFcLOmyEjzPoML22x', N'66jkXWapz34Z8XPnLpknWv')
INSERT TrackAlbum(TrackID, AlbumID) VALUES(N'2KwfjEW4MgGeAVHKswXE0J', N'66jkXWapz34Z8XPnLpknWv')
INSERT TrackAlbum(TrackID, AlbumID) VALUES(N'0r6bUjsgns7R58MaoWclit', N'66jkXWapz34Z8XPnLpknWv')
INSERT TrackAlbum(TrackID, AlbumID) VALUES(N'45KensjudN8EKeNVAfsUQZ', N'66jkXWapz34Z8XPnLpknWv')
INSERT TrackAlbum(TrackID, AlbumID) VALUES(N'5aUwDoZEWsBzR6uRyM6be0', N'66jkXWapz34Z8XPnLpknWv')
INSERT TrackAlbum(TrackID, AlbumID) VALUES(N'5sYzXgik1wg7cUHfFelMb3', N'66jkXWapz34Z8XPnLpknWv')
INSERT TrackAlbum(TrackID, AlbumID) VALUES(N'2RBZGIbUUhLCR7UDlgYpFs', N'66jkXWapz34Z8XPnLpknWv')
INSERT TrackAlbum(TrackID, AlbumID) VALUES(N'2vtUF6BGzCB9lMPcpbw4GA', N'66jkXWapz34Z8XPnLpknWv')
INSERT TrackAlbum(TrackID, AlbumID) VALUES(N'2sSTLXoDoLbi8L7rDcjd6W', N'66jkXWapz34Z8XPnLpknWv')
INSERT TrackAlbum(TrackID, AlbumID) VALUES(N'4J1Yv0tscTLkkz0T5Ie3d6', N'66jkXWapz34Z8XPnLpknWv')
INSERT TrackAlbum(TrackID, AlbumID) VALUES(N'199lbnn0fmByL4mAH9bfY9', N'66jkXWapz34Z8XPnLpknWv')
INSERT TrackAlbum(TrackID, AlbumID) VALUES(N'6XdcBXiqJIOiVCH8BWbMmH', N'13pZUSPWE87x40BorpgLx2')
INSERT TrackAlbum(TrackID, AlbumID) VALUES(N'4kImjIIiFrzD7E9H8QE2XC', N'13pZUSPWE87x40BorpgLx2')
INSERT TrackAlbum(TrackID, AlbumID) VALUES(N'3BPc57lkrBmnKpgmfF5S6L', N'13pZUSPWE87x40BorpgLx2')
INSERT TrackAlbum(TrackID, AlbumID) VALUES(N'1b7jM8mLxmJQDLXn4A6hos', N'13pZUSPWE87x40BorpgLx2')
INSERT TrackAlbum(TrackID, AlbumID) VALUES(N'713IwzDA0qSHZLNI2mkzzz', N'13pZUSPWE87x40BorpgLx2')
INSERT TrackAlbum(TrackID, AlbumID) VALUES(N'0PlcmNiyEnRHQFZ14KxS6c', N'13pZUSPWE87x40BorpgLx2')
INSERT TrackAlbum(TrackID, AlbumID) VALUES(N'0c1Hb0Tg7yA82LrHyBVmEl', N'13pZUSPWE87x40BorpgLx2')
INSERT TrackAlbum(TrackID, AlbumID) VALUES(N'41zIahDCFqHTdXvtLcHrLr', N'13pZUSPWE87x40BorpgLx2')
INSERT TrackAlbum(TrackID, AlbumID) VALUES(N'5vG4yrocD3WZBMsUvtKJJL', N'13pZUSPWE87x40BorpgLx2')
INSERT TrackAlbum(TrackID, AlbumID) VALUES(N'7vCdnd3OhjCcOOFWIqcBNZ', N'13pZUSPWE87x40BorpgLx2')
INSERT TrackAlbum(TrackID, AlbumID) VALUES(N'2N7gnpTs70dYGHz5F8gBPp', N'13pZUSPWE87x40BorpgLx2')
INSERT TrackAlbum(TrackID, AlbumID) VALUES(N'3BvDWzvGW2XKwWvyvePd35', N'13pZUSPWE87x40BorpgLx2')
INSERT TrackAlbum(TrackID, AlbumID) VALUES(N'3AASjUsk53jkjEToHF9zD0', N'13pZUSPWE87x40BorpgLx2')
INSERT TrackAlbum(TrackID, AlbumID) VALUES(N'2T5p7T63Jnu0eYYaNVpjG9', N'13pZUSPWE87x40BorpgLx2')
INSERT TrackAlbum(TrackID, AlbumID) VALUES(N'3ZufkKoXGPSRFQzkFnTbls', N'13pZUSPWE87x40BorpgLx2')
INSERT TrackAlbum(TrackID, AlbumID) VALUES(N'0nKNRuSHMpADxToif0IHh3', N'13pZUSPWE87x40BorpgLx2')
INSERT TrackAlbum(TrackID, AlbumID) VALUES(N'0J4Cm53So8iMPc02fIj31s', N'13pZUSPWE87x40BorpgLx2')
INSERT TrackAlbum(TrackID, AlbumID) VALUES(N'1jM6WWcr6q9WXcgtCmEZIh', N'13pZUSPWE87x40BorpgLx2')
INSERT TrackAlbum(TrackID, AlbumID) VALUES(N'66eN98NAddYEvGrah3Ut9S', N'13pZUSPWE87x40BorpgLx2')
INSERT TrackAlbum(TrackID, AlbumID) VALUES(N'0yvpBvhz7Xft2zJi8DfKEo', N'13pZUSPWE87x40BorpgLx2')
INSERT TrackAlbum(TrackID, AlbumID) VALUES(N'0ZmT7DQBIjKBDruahTLZzT', N'13pZUSPWE87x40BorpgLx2')
INSERT TrackAlbum(TrackID, AlbumID) VALUES(N'01tBpn6TR9LTG1xbwnXUOC', N'13pZUSPWE87x40BorpgLx2')
INSERT TrackAlbum(TrackID, AlbumID) VALUES(N'6OVpwWUoAxnw3wHahWY1Hm', N'13pZUSPWE87x40BorpgLx2')
INSERT TrackAlbum(TrackID, AlbumID) VALUES(N'35bGvmkMIQf6b48rOgguKJ', N'13pZUSPWE87x40BorpgLx2')
INSERT TrackAlbum(TrackID, AlbumID) VALUES(N'0Y8kROhHXpVgGzwzxfWiBs', N'13pZUSPWE87x40BorpgLx2')
INSERT TrackAlbum(TrackID, AlbumID) VALUES(N'6V3Y13ZSA1bH7YAbUo8Umc', N'13pZUSPWE87x40BorpgLx2')
INSERT TrackAlbum(TrackID, AlbumID) VALUES(N'5yEVDOUz9C6un2lyoKcSRA', N'13pZUSPWE87x40BorpgLx2')
INSERT TrackAlbum(TrackID, AlbumID) VALUES(N'5wjf8t841zjxZb3Jobcw5p', N'13pZUSPWE87x40BorpgLx2')
INSERT TrackAlbum(TrackID, AlbumID) VALUES(N'5JPbi8tVqfXvluElFmvOOG', N'13pZUSPWE87x40BorpgLx2')
INSERT TrackAlbum(TrackID, AlbumID) VALUES(N'4DT5ewYCLjhAVEqPMlSGKU', N'13pZUSPWE87x40BorpgLx2')
INSERT TrackAlbum(TrackID, AlbumID) VALUES(N'0y2DBEp460zmIdothHGaXJ', N'13pZUSPWE87x40BorpgLx2')
INSERT TrackAlbum(TrackID, AlbumID) VALUES(N'5sFz2Pvpu1barkrc4qRePf', N'13pZUSPWE87x40BorpgLx2')
INSERT TrackAlbum(TrackID, AlbumID) VALUES(N'2DVyJpS1BbrYNXlHU23o8I', N'13pZUSPWE87x40BorpgLx2')
INSERT TrackAlbum(TrackID, AlbumID) VALUES(N'7EAI7g1sOg4W3x1GeZ0y3p', N'13pZUSPWE87x40BorpgLx2')
INSERT TrackAlbum(TrackID, AlbumID) VALUES(N'2RSYXgNps0QUE12EuIUGHL', N'13pZUSPWE87x40BorpgLx2')
INSERT TrackAlbum(TrackID, AlbumID) VALUES(N'2OamVmtzJv63wz5YKeB1jP', N'13pZUSPWE87x40BorpgLx2')
INSERT TrackAlbum(TrackID, AlbumID) VALUES(N'7aNHlFEALD1GyiVpQsbtD0', N'13pZUSPWE87x40BorpgLx2')
INSERT TrackAlbum(TrackID, AlbumID) VALUES(N'5VJhCjNMfzxbsu4Z8x0Tmc', N'13pZUSPWE87x40BorpgLx2')
INSERT TrackAlbum(TrackID, AlbumID) VALUES(N'4b3FVdEci0ngvQ14dbcUky', N'13pZUSPWE87x40BorpgLx2')
INSERT TrackAlbum(TrackID, AlbumID) VALUES(N'5FmIW8aV00ckb9H1c3OBz6', N'13pZUSPWE87x40BorpgLx2')
INSERT TrackAlbum(TrackID, AlbumID) VALUES(N'5aDJnYESRuDPyiDRuv3PTs', N'13pZUSPWE87x40BorpgLx2')
INSERT TrackAlbum(TrackID, AlbumID) VALUES(N'4C2XA7HSJyii3qBNaVvWXh', N'13pZUSPWE87x40BorpgLx2')
INSERT TrackAlbum(TrackID, AlbumID) VALUES(N'4PqR2cOjFbpSI102g5PcCt', N'13pZUSPWE87x40BorpgLx2')
INSERT TrackAlbum(TrackID, AlbumID) VALUES(N'4THJ5Sv4W1kCyCpcMUxeI6', N'13pZUSPWE87x40BorpgLx2')
INSERT TrackAlbum(TrackID, AlbumID) VALUES(N'42apdfc9dMUDt6lj4ZqE0G', N'13pZUSPWE87x40BorpgLx2')
INSERT TrackAlbum(TrackID, AlbumID) VALUES(N'3zG1YiTu53KCt8W56psgs2', N'13pZUSPWE87x40BorpgLx2')
INSERT TrackAlbum(TrackID, AlbumID) VALUES(N'0V6QHamVjKckMQj8A1vLNw', N'13pZUSPWE87x40BorpgLx2')
INSERT TrackAlbum(TrackID, AlbumID) VALUES(N'1pk7mS3D6hRJsrzCDev9UY', N'13pZUSPWE87x40BorpgLx2')
INSERT TrackAlbum(TrackID, AlbumID) VALUES(N'34oYzILaNsdFPt48Yeb8aq', N'13pZUSPWE87x40BorpgLx2')
INSERT TrackAlbum(TrackID, AlbumID) VALUES(N'4pEueOLwLhEoc96uSzmoOa', N'13pZUSPWE87x40BorpgLx2')
INSERT TrackAlbum(TrackID, AlbumID) VALUES(N'4RaxnzmTN4bojbbEYtvXjk', N'5TmwoxCapHJLw5cdnQupAl')
INSERT TrackAlbum(TrackID, AlbumID) VALUES(N'4gupPromYvaSQaiawbtbgH', N'5TmwoxCapHJLw5cdnQupAl')
INSERT TrackAlbum(TrackID, AlbumID) VALUES(N'2mDcBH9aZ1tHHK8b33p1wL', N'5TmwoxCapHJLw5cdnQupAl')
INSERT TrackAlbum(TrackID, AlbumID) VALUES(N'4oiTnmTrJNDAsOPgEONYpA', N'5TmwoxCapHJLw5cdnQupAl')
INSERT TrackAlbum(TrackID, AlbumID) VALUES(N'39SaXjaiqahk7QASE2MrgI', N'5TmwoxCapHJLw5cdnQupAl')
