7FIWs0pqAYbP91WWM0vlTQ;4otkd9As6YaxxEkIjXPiZ6
4xkOaSrkexMciUUogZKVTS;2cWBwpqMsDJC1ZUwz813lo
7lQ8MOhq6IN2w8EYcFNSUk;2cWBwpqMsDJC1ZUwz813lo
15JINEqzVMv3SvJTAXAKED;47BiFcV59TQi2s9SkBo2pb
3yfqSUWxFvZELEM4PmlwIR;6t7956yu5zYf5A829XRiHC
7Ie9W94M7OjPoZVV216Xus;47BiFcV59TQi2s9SkBo2pb
3UmaczJpikHgJFyBTAJVoz;6t7956yu5zYf5A829XRiHC
6or1bKJiZ06IlK0vFvY75k;6DN7GcZF1HywzrkGN6Eeqk
5Z01UMMf7V1o0MzF86s6WJ;5qENHeCSlwWpEzb25peRmQ
60SdxE8apGAxMiRrpbmLY0;3HNnxK7NgLXbDoxRZxNWiR
5PQmSHzWnlgG4EBuIqjac2;78Fgb88MY0ECc4GVMejqTg
7bIFYGYmC8MRNzDdNHbPi1;78Fgb88MY0ECc4GVMejqTg
1AHfovSnGPVYKaahRtA0U6;78Fgb88MY0ECc4GVMejqTg
0QnGI4OgY8ReggLWvEXdgD;78Fgb88MY0ECc4GVMejqTg
4dSLfdnCy43DPJiqpoZoKe;78Fgb88MY0ECc4GVMejqTg
2dJwnskDT5AHUso6o1Acnp;78Fgb88MY0ECc4GVMejqTg
1tJRS17TxD5bwdTk8ehP93;78Fgb88MY0ECc4GVMejqTg
2gXI6TBLhmCNy09NioMHdI;78Fgb88MY0ECc4GVMejqTg
2Ja3UauMDeQnq4sI8a64Ys;78Fgb88MY0ECc4GVMejqTg
7lPJ5PrQnQRurUZIzMCQib;78Fgb88MY0ECc4GVMejqTg
4HphiT6pmqBZiNHkyJCgBQ;78Fgb88MY0ECc4GVMejqTg
77VyB3Lg1YMnjSSvutM4Al;78Fgb88MY0ECc4GVMejqTg
6DWdTk7UaZ6LIYYCFvmgX7;78Fgb88MY0ECc4GVMejqTg
0wBLOFRJTBo2elusmfZhu3;78Fgb88MY0ECc4GVMejqTg
0ttF21hZCPw2merE3GsHcP;2cWBwpqMsDJC1ZUwz813lo
15qrWkkYCfmtu1uRpGf48L;2cWBwpqMsDJC1ZUwz813lo
0x60P5taxdI5pcGbqbap6S;2cWBwpqMsDJC1ZUwz813lo
7BMO7O7ImjV8HNTH74Tshv;2cWBwpqMsDJC1ZUwz813lo
27mgDrExPa3obPAYXd3yQg;2cWBwpqMsDJC1ZUwz813lo
2J3CYFUn6eAuHz5S9IKape;2cWBwpqMsDJC1ZUwz813lo
5QD28FqaM3jTfsqWwvRZwv;2cWBwpqMsDJC1ZUwz813lo
288e3FhmVuCqPmNEfAH0h6;2cWBwpqMsDJC1ZUwz813lo
7io19rjxOFu3pGuZgBI6Pk;2cWBwpqMsDJC1ZUwz813lo
0EgkVzDidmq4MP57jZFeik;2cWBwpqMsDJC1ZUwz813lo
3CpoeW0cZSDzIRv5z34F87;2cWBwpqMsDJC1ZUwz813lo
4woTEX1wYOTGDqNXuavlRC;2cWBwpqMsDJC1ZUwz813lo
6Db8IlZ7YY1pfIjJllejyH;2cWBwpqMsDJC1ZUwz813lo
5ZxX55HFfi4aofGTxMp58x;2cWBwpqMsDJC1ZUwz813lo
73qINA7ccO03wxD8nsJalr;2cWBwpqMsDJC1ZUwz813lo
4EQkcrSLF3QdlwNca7sMXY;2cWBwpqMsDJC1ZUwz813lo
3F14hbIqy1JKKLTb1mzdYV;2cWBwpqMsDJC1ZUwz813lo
51LeDAMy6nWqKdjVo7jK4j;2cWBwpqMsDJC1ZUwz813lo
3Tj1luJyKPQt7WbrqpJ2Az;47BiFcV59TQi2s9SkBo2pb
66h8hB4In6t725WtAPL23J;47BiFcV59TQi2s9SkBo2pb
6HLZaECJKDjNE0jiGBeqxz;47BiFcV59TQi2s9SkBo2pb
7kNlRLC9PEH8nXMVawssMx;47BiFcV59TQi2s9SkBo2pb
1ne7JVHEPnoncXzQunQVKW;47BiFcV59TQi2s9SkBo2pb
0ZqWBTU1EkdVPAMwQgfKiv;47BiFcV59TQi2s9SkBo2pb
2V7NoXGv2VDnLeTM7w8SFd;47BiFcV59TQi2s9SkBo2pb
7bHT9osSq1rwT2yaImzqCi;47BiFcV59TQi2s9SkBo2pb
0sHW1jXe6Sou3437gJQNGA;47BiFcV59TQi2s9SkBo2pb
4SE4yewyGpOYfxfx59Yjc5;47BiFcV59TQi2s9SkBo2pb
0dyWQoMOU9oERL6c9vxtRp;47BiFcV59TQi2s9SkBo2pb
5Ve4qBYAThGLTOva0hhoTa;47BiFcV59TQi2s9SkBo2pb
0ANExk8Iu85oqCgk82rG64;47BiFcV59TQi2s9SkBo2pb
1v54pVfqtSC7KbTu2C2pnM;47BiFcV59TQi2s9SkBo2pb
44ut2KJnt0HQMnUaMlDv9W;47BiFcV59TQi2s9SkBo2pb
1WopKLOG4Kud0H1r3xrCfT;6t7956yu5zYf5A829XRiHC
5eGEc27nnhtmcOh6RC890a;6t7956yu5zYf5A829XRiHC
2vDNkLviUQSxSxulGBFSqJ;6t7956yu5zYf5A829XRiHC
15joiMls8SpP1VtGivYh6i;6t7956yu5zYf5A829XRiHC
0DaZU7iKgXMelfXCkCOgBK;6t7956yu5zYf5A829XRiHC
23wfXwnsPZYe5A1xXRHb3J;6t7956yu5zYf5A829XRiHC
7996f9NZeypc4jqfc6hJUa;6t7956yu5zYf5A829XRiHC
3xVtc7PB4V3AqAfq4Iahli;6t7956yu5zYf5A829XRiHC
3X4Oz9LjhhtgyOhVNlfoYa;6t7956yu5zYf5A829XRiHC
4HsaoezrUA96qMzDK3ZWnq;6t7956yu5zYf5A829XRiHC
7tEoJKbYdIHBfn7tTIyjHW;6t7956yu5zYf5A829XRiHC
0erTM8A9ro5kzcNc962jHd;6t7956yu5zYf5A829XRiHC
7lgvU7WnwcNZ8dbGUz8yhP;6t7956yu5zYf5A829XRiHC
20oenBXlmwIfK0F3fQIjhM;6t7956yu5zYf5A829XRiHC
5H3B1WtZYGmyOYOXgQltKU;6t7956yu5zYf5A829XRiHC
18ohWhzbMCynq5QJ68ifkW;6t7956yu5zYf5A829XRiHC
3IaAYtmN8T0YIYVqnxNnVz;6DN7GcZF1HywzrkGN6Eeqk
7BneCfYRPXAJsEXRdVzEfV;6DN7GcZF1HywzrkGN6Eeqk
45JxylFwaThjLsRBuzcfoL;6DN7GcZF1HywzrkGN6Eeqk
6dJRP4pXk4SOzWfhfHL3Or;6DN7GcZF1HywzrkGN6Eeqk
3stOygN0I7CIvkEB2LJGbv;6DN7GcZF1HywzrkGN6Eeqk
1mavQ4WCzXSeL2Dm5DS4GQ;6DN7GcZF1HywzrkGN6Eeqk
0OOv1XGVVzUgTIzomIHfR0;6DN7GcZF1HywzrkGN6Eeqk
6Xk7PnitV9jCRorWt2LiVZ;6DN7GcZF1HywzrkGN6Eeqk
5k7wy2Ek7y6kSQ4fER7w0E;6DN7GcZF1HywzrkGN6Eeqk
6MtI49ggHHumUTONlvMQlq;6DN7GcZF1HywzrkGN6Eeqk
4WgvTITBJbEfCJHguiE7QS;6DN7GcZF1HywzrkGN6Eeqk
0nzsCN9rtXdugPoiIT49Kj;6DN7GcZF1HywzrkGN6Eeqk
0iMN420Q45isZVNlAqzPTW;6DN7GcZF1HywzrkGN6Eeqk
222dTwr5XeEgAzEtsrQA0R;6DN7GcZF1HywzrkGN6Eeqk
3E1BkJEsRK7VsSNzijilGm;6DN7GcZF1HywzrkGN6Eeqk
5sGzBBWPe4YC2YoW7lBYph;6DN7GcZF1HywzrkGN6Eeqk
01zPnSlKCw9WLbY0kvNep0;6DN7GcZF1HywzrkGN6Eeqk
3fCRPhzGYSd4y6K1qjFcIp;6DN7GcZF1HywzrkGN6Eeqk
7hiBhOh4s8G0xmGYBAjyuw;6DN7GcZF1HywzrkGN6Eeqk
4dfAUJI1QesmK5HfK9gtYs;6DN7GcZF1HywzrkGN6Eeqk
3V2nJ58SmfZ28Uh0QfyL4Q;5qENHeCSlwWpEzb25peRmQ
0fMWtRhzOoWoCo7dRHVEEa;5qENHeCSlwWpEzb25peRmQ
2sGSId790ABFzGXx9VEdwl;5qENHeCSlwWpEzb25peRmQ
1dWimOlV5KUHDerWZVDv5l;5qENHeCSlwWpEzb25peRmQ
1PlMbi0Qkrlp9yVFM8JEXp;5qENHeCSlwWpEzb25peRmQ
0fGh0trRN1xz3s41r7V5ce;5qENHeCSlwWpEzb25peRmQ
1AcGKHRv5Q4TJd9yb4vjHE;5qENHeCSlwWpEzb25peRmQ
3D2a29lN634NyexjFPY9rV;5TmwoxCapHJLw5cdnQupAl
4XDQuvRrjGKuD1VzZsKY1a;5TmwoxCapHJLw5cdnQupAl
5gw1ngV7cDILJHTujuvs6O;5TmwoxCapHJLw5cdnQupAl
0Ms6R5cgFl2mvt3bnghtmk;5TmwoxCapHJLw5cdnQupAl
7lVyeemuCDArnL706efpTl;5TmwoxCapHJLw5cdnQupAl
5SMqAcyULA666x9M51t2wm;5TmwoxCapHJLw5cdnQupAl
7wfgcuh43jsQCUsWReFzTR;5TmwoxCapHJLw5cdnQupAl
2RsTjad1nVUGrQmSoL1m8Y;5qENHeCSlwWpEzb25peRmQ
3Q0mJByJRrUTZGrBFYnfCP;5qENHeCSlwWpEzb25peRmQ
5v8F7GFQgmCESBpPFbC9DN;5qENHeCSlwWpEzb25peRmQ
0TGd9kXFDRQG9FF0netmah;5qENHeCSlwWpEzb25peRmQ
5dZqnPqFR45xCZGWmxScqM;5qENHeCSlwWpEzb25peRmQ
4ni8GyT1Lwn1LVl88MJsQd;5qENHeCSlwWpEzb25peRmQ
4S06iZrLlGsSqKlK6paOv8;5qENHeCSlwWpEzb25peRmQ
42YNobZ4HN3tRVEA47wLT6;5qENHeCSlwWpEzb25peRmQ
2iveqBUOzQlQBSxgAlK0bs;5qENHeCSlwWpEzb25peRmQ
7jmEukeWKG64zyTFDrBSdk;5qENHeCSlwWpEzb25peRmQ
33WAOTIgd5JLc3CFZBaLQA;5qENHeCSlwWpEzb25peRmQ
0gM2LPvmYnW1Gr6A3hS8Fg;5qENHeCSlwWpEzb25peRmQ
1nYGBdTeHQd0YXqRBEDMGz;5qENHeCSlwWpEzb25peRmQ
03MsOLzpQSyH46DZxkt84o;5qENHeCSlwWpEzb25peRmQ
5ASZFbCod633wLragmPYTj;5qENHeCSlwWpEzb25peRmQ
1zWcM9b68ZdftWCP7JyOTq;5qENHeCSlwWpEzb25peRmQ
2jt2WxXMCD4zjACthkJQVE;3HNnxK7NgLXbDoxRZxNWiR
2XTquzYQAdT1Hk78bOUwsv;3HNnxK7NgLXbDoxRZxNWiR
0Uv5Kp8sEnriJjkX4oLfNI;3HNnxK7NgLXbDoxRZxNWiR
0evt4UZbdhnHtcAnxkm6A1;3HNnxK7NgLXbDoxRZxNWiR
6B3zy3LOKHndqsviCr2z15;3HNnxK7NgLXbDoxRZxNWiR
60Z57Wdrn0pEVpHI7d7GAX;3HNnxK7NgLXbDoxRZxNWiR
28FGV3ORH14MYORd7s5dlU;3HNnxK7NgLXbDoxRZxNWiR
2gsNpSn7VvvJuSrIDfRoYy;3HNnxK7NgLXbDoxRZxNWiR
58QhkbaAkLFnn7JwAnAato;3HNnxK7NgLXbDoxRZxNWiR
09FfQO3PqHO4HIJL511Ksi;3HNnxK7NgLXbDoxRZxNWiR
4g32MdRoqwGKQd3NXIRhpU;3HNnxK7NgLXbDoxRZxNWiR
2SL6oP2YAEQbqsrkOzRGO4;3HNnxK7NgLXbDoxRZxNWiR
7ccTcabbJlCJiIqtrSSwBk;4otkd9As6YaxxEkIjXPiZ6
0q2vG0UVuy6ajjcpkQHdZM;4otkd9As6YaxxEkIjXPiZ6
0GQ5bFTVFFKpwNPc7KwQnB;4otkd9As6YaxxEkIjXPiZ6
4EmunTy7kNBYQivOa8F6b8;4otkd9As6YaxxEkIjXPiZ6
0VSzREd1OjEWJ9tXoFHRQH;4otkd9As6YaxxEkIjXPiZ6
7Dj2wqPYXfSRFwa6qyOztr;4otkd9As6YaxxEkIjXPiZ6
5SiZJoLXp3WOl3J4C8IK0d;4otkd9As6YaxxEkIjXPiZ6
5CpsIb7SMFHjmAG8RvIWfq;4otkd9As6YaxxEkIjXPiZ6
5mZXWEH2eh8zMZGCxT5aW0;4otkd9As6YaxxEkIjXPiZ6
2d3fdQ6OxmUIsF20eCpcrv;4otkd9As6YaxxEkIjXPiZ6
3QVHSV8YKYq4L8tI5rnFgj;4otkd9As6YaxxEkIjXPiZ6
34d7sGX6WUqq8f04e7CSNF;4otkd9As6YaxxEkIjXPiZ6
40YbWniIEmqy6s58fYXLUh;4otkd9As6YaxxEkIjXPiZ6
4qNWEOMyexn7b8Icyk29t9;4otkd9As6YaxxEkIjXPiZ6
1qwMkkRiD5jqLeUUjfgblh;4otkd9As6YaxxEkIjXPiZ6
74gykWHknHDrg4eMdcmdRq;4otkd9As6YaxxEkIjXPiZ6
1lO9CZo6eDrOy0S7khgryG;4otkd9As6YaxxEkIjXPiZ6
3CJbxqRQ0JNCqboWDNUUeX;4otkd9As6YaxxEkIjXPiZ6
1WAwILvz37MkmZfmGnEXfg;4otkd9As6YaxxEkIjXPiZ6
4VpkCmCnqgcUcysgHdTbYf;5devPxQnSKVF2Ed0CVwQZh
4Ngh6rMVUCOFK30oO0iEMD;5devPxQnSKVF2Ed0CVwQZh
6iTvdHhfGD9Gu0eD7VNRkR;5devPxQnSKVF2Ed0CVwQZh
3S2bActYBlskH5gtanFIMO;5devPxQnSKVF2Ed0CVwQZh
1LQDe2LxhReHitq7sdgLcN;5devPxQnSKVF2Ed0CVwQZh
0bsFL9VF0BQCIvF2cRn0Sk;5devPxQnSKVF2Ed0CVwQZh
1SlatjHQbN3SO0JERD4Mwk;5devPxQnSKVF2Ed0CVwQZh
5lIYDDewEvlsOw7RSTlnr9;5devPxQnSKVF2Ed0CVwQZh
23iSWEI5GZAGxHcJKYCuiC;5devPxQnSKVF2Ed0CVwQZh
6ZOdsfgq6ygEPnG3nCIY8L;5devPxQnSKVF2Ed0CVwQZh
4V1TOoANnpTNEXaDH95MKe;5devPxQnSKVF2Ed0CVwQZh
2uI2KlfpxGGVnLnpNWdhHS;5devPxQnSKVF2Ed0CVwQZh
1MksSIlQp0qQe8gYBxE8g7;1V2AYh4idtsw2CYlJGZNro
6FPOXlsocQfNKNo2yn8PKm;1V2AYh4idtsw2CYlJGZNro
1FmpzuETef4zTQc6azxJCP;1V2AYh4idtsw2CYlJGZNro
6J9MUDZ96r7m1LdevPehIH;1V2AYh4idtsw2CYlJGZNro
3tRK0db2wd6d2JBEblKTtl;1V2AYh4idtsw2CYlJGZNro
3w9L5cvyoDu29d1dz4dEcI;1V2AYh4idtsw2CYlJGZNro
05eKAYwnkIOJIwcZSJSzRs;1V2AYh4idtsw2CYlJGZNro
3YvVFTEwaZs8AGZUcypxOd;1V2AYh4idtsw2CYlJGZNro
5DvmvGpiGl2GEy5gp3rg7u;1V2AYh4idtsw2CYlJGZNro
6PKOGoRNhAd01tltGGWg1s;1V2AYh4idtsw2CYlJGZNro
5delR93ecqgtAIbhRdMDPO;1V2AYh4idtsw2CYlJGZNro
05rizAAJYYh9y2SnAIoCPZ;1V2AYh4idtsw2CYlJGZNro
7w8SXSTI9kyUTj1m4TbTQP;1V2AYh4idtsw2CYlJGZNro
4j68DZOEftEeDjkMttWdll;1V2AYh4idtsw2CYlJGZNro
6Jt1ccJG0ZiT9acRHl1YfQ;6BhqPpIgY83rqoZ2L78Lte
06OV3qRCboo6THc73Vy2l5;6BhqPpIgY83rqoZ2L78Lte
4HK0sl3lqQH0RR0dA0ZQH5;6BhqPpIgY83rqoZ2L78Lte
58YZTutWhYcglUHl3Udnlj;6BhqPpIgY83rqoZ2L78Lte
1J0WXgITM3l66pVKVOuXtz;6BhqPpIgY83rqoZ2L78Lte
6Wo8blkPPnkSxDH23wSYvF;6BhqPpIgY83rqoZ2L78Lte
6Amf1EKnnEYaWT2aeszsXl;6BhqPpIgY83rqoZ2L78Lte
0II4vX2zmxXzNV6jpZNrrn;6BhqPpIgY83rqoZ2L78Lte
1Z5BBovyC5r7Z23mGXvgoA;6BhqPpIgY83rqoZ2L78Lte
4RJjxFnUWa1ZWxUiqZ3ZJN;6BhqPpIgY83rqoZ2L78Lte
2NVDqyBmkPLANgy3S5He6d;6BhqPpIgY83rqoZ2L78Lte
5bpaHLJ08GNBKW35ZfCYJy;6BhqPpIgY83rqoZ2L78Lte
3YJNKUN2oTEARBNooWxhlx;6BhqPpIgY83rqoZ2L78Lte
7jTBodGQzYdcXbiTIz5GEe;42eusslaYHJvhxttuMbwj9
6LysH2MCHSCm6GnKWScHHA;42eusslaYHJvhxttuMbwj9
3TM0Ohnzg5npnrXtPYi95H;42eusslaYHJvhxttuMbwj9
5i7bDQUNHlTsRMJBVYJ032;42eusslaYHJvhxttuMbwj9
7G7UNs17d0Grqk63M2MAwu;42eusslaYHJvhxttuMbwj9
35BFaUG8cC4VLu4S07K6hJ;42eusslaYHJvhxttuMbwj9
6W0Ja06Dh9Dj1Q7wAkFyea;42eusslaYHJvhxttuMbwj9
2RskkQc3xmgs3peuYtXrDU;42eusslaYHJvhxttuMbwj9
1HeIA8Es0YmMzx9wsW0jLK;42eusslaYHJvhxttuMbwj9
2TaM61A70gNH7wuHt92itD;42eusslaYHJvhxttuMbwj9
4t5vA7diJvcFGHMAEDrWzy;42eusslaYHJvhxttuMbwj9
1VkhHPBER6TR0yfk7aZrgu;42eusslaYHJvhxttuMbwj9
5cvu6MI9Hezs3NRU6ttFB5;42eusslaYHJvhxttuMbwj9
78Mb1ZQcZ3zE464LiV5YqS;42eusslaYHJvhxttuMbwj9
4F4jhvc8RtnQlErUunYMkA;42eusslaYHJvhxttuMbwj9
4XC1US7ZHyZ6Gpa19zjuJS;42eusslaYHJvhxttuMbwj9
7fRzEhB9YD9lKfm05F3CC9;42eusslaYHJvhxttuMbwj9
6TGhSdj9CaXcxTHLjbNNYL;42eusslaYHJvhxttuMbwj9
0JkY7NBGdF9bqbfOwah7UL;42eusslaYHJvhxttuMbwj9
1ROdEjSQNMGFvckeRu68SE;42eusslaYHJvhxttuMbwj9
4I0KYxM4fCPEHEQWTD79nV;42eusslaYHJvhxttuMbwj9
0RWvjagX1YOcTNZ4EcKgqy;42eusslaYHJvhxttuMbwj9
3nC2MUHFpwh4HRbWbu3OJt;42eusslaYHJvhxttuMbwj9
3BovzKDaHT2jsEZj3Kku95;42eusslaYHJvhxttuMbwj9
2l5HM51zhv1bcW3FIwD83m;42eusslaYHJvhxttuMbwj9
3qOi3vUVZ242kglt5n7RhA;42eusslaYHJvhxttuMbwj9
3KOsU0HxbEJ69R4KYpY86S;42eusslaYHJvhxttuMbwj9
5SWGeRYwoqrrG97dFOCt4s;42eusslaYHJvhxttuMbwj9
4912tpbfCZEcSqPvmQVu1W;42eusslaYHJvhxttuMbwj9
6ouKlVFWfIFBbgHU9p1ZJd;42eusslaYHJvhxttuMbwj9
1ONJfXwpdE7gS6i2SGFnF0;42eusslaYHJvhxttuMbwj9
63ZszFJB21tmGvuosC0w5i;42eusslaYHJvhxttuMbwj9
28zko4990ICbmC0dlMcB1n;42eusslaYHJvhxttuMbwj9
2svayFy3POtVlBpSNUnrcL;42eusslaYHJvhxttuMbwj9
660kr65d0O2AVIL0yfse4O;42eusslaYHJvhxttuMbwj9
0MCZnO5mEeq8cOSk2DXbJO;0zFnhdX1FnfuExLlbVdnFU
3NKUsAGxUxqlWiK1WlwAR1;0zFnhdX1FnfuExLlbVdnFU
0BKsUAAa9voObnXzs4PJbd;0zFnhdX1FnfuExLlbVdnFU
5b1DqW7n5AvEjVgw6jRzE9;0zFnhdX1FnfuExLlbVdnFU
3VMSj3Nv5LTtji0aA7FFYv;0zFnhdX1FnfuExLlbVdnFU
7oAVW3eC8hwcxfWe8qWZuQ;0zFnhdX1FnfuExLlbVdnFU
54yfe0cZ0FXhEXscncAxdY;0zFnhdX1FnfuExLlbVdnFU
1IMqNbxi2YkYpgwWrQ3415;0zFnhdX1FnfuExLlbVdnFU
79PCqnvAUDQKfeYFAXnMPL;0zFnhdX1FnfuExLlbVdnFU
7o2XVJLofa26zNHJFh1PCV;0zFnhdX1FnfuExLlbVdnFU
7ck78E5l7QrlxRUPtWJj3T;0zFnhdX1FnfuExLlbVdnFU
7zrPuEYifsTfBll62RZ30C;0zFnhdX1FnfuExLlbVdnFU
0mclma7ytWRxThexb62uE2;0zFnhdX1FnfuExLlbVdnFU
4KrTh9wcx7fn8dBQhfdKMi;0zFnhdX1FnfuExLlbVdnFU
4z02bBuibhxi3cU5dxUdB4;0zFnhdX1FnfuExLlbVdnFU
3JmpgU0GiVdAb9yITZPLct;0zFnhdX1FnfuExLlbVdnFU
38IswsftaF0fMckl13yVUi;0zFnhdX1FnfuExLlbVdnFU
66mBO2RwmFc71AsGBHU2YM;0zFnhdX1FnfuExLlbVdnFU
4GbPT7LQNb1nQePEcakZvo;6QH6ltpFEZXObrQHmgpKSN
74dFnSmE7o2flB5PT28mb8;6QH6ltpFEZXObrQHmgpKSN
4fpgB0FJiQ2bH7SVBHcT7j;6QH6ltpFEZXObrQHmgpKSN
6GfEXHNIiEYIRwgvuVR8s0;6QH6ltpFEZXObrQHmgpKSN
7eraqImLpg2dhoQwusew3C;6QH6ltpFEZXObrQHmgpKSN
5tdERSH4Mgu2dylN1rp3xr;6QH6ltpFEZXObrQHmgpKSN
5jrs1wogI5iTazGAg0s5zo;6QH6ltpFEZXObrQHmgpKSN
6CHW7Je7FeCCSsGrjSAkZp;6QH6ltpFEZXObrQHmgpKSN
6rVeqP405c9TvZk6cEH3bL;6QH6ltpFEZXObrQHmgpKSN
6HlYrk5AuljlJpzYgr8zh1;6QH6ltpFEZXObrQHmgpKSN
1Rm03r3xeR4c9NbuRqEYtc;6QH6ltpFEZXObrQHmgpKSN
0un5QdMnuibGplkMHYorvg;6QH6ltpFEZXObrQHmgpKSN
4KGbQXQ8HKVypeKJslxQtH;75kN1qUWvE10QcnpE6nEsM
2XkM4X2pJXTutY8IcUlDVc;75kN1qUWvE10QcnpE6nEsM
7hY5jzlcuzefRTNCOQjlo9;75kN1qUWvE10QcnpE6nEsM
3GIMe4KXSuMRxkxjHUhL6J;75kN1qUWvE10QcnpE6nEsM
5piFhn0sH6i5iGaESBuTJd;75kN1qUWvE10QcnpE6nEsM
74T9rL9UIqUUBQcHG1QY3I;75kN1qUWvE10QcnpE6nEsM
4LKlmGTWGY8SHfIw0c9jQu;75kN1qUWvE10QcnpE6nEsM
6vLV9rlz6hT1bR6rxptXfh;75kN1qUWvE10QcnpE6nEsM
0Kb43WhfwnVCroQhAxHs6n;75kN1qUWvE10QcnpE6nEsM
5I2pryLKw0kmA41kEBBhFP;75kN1qUWvE10QcnpE6nEsM
63ge5ihHVtpxiY7Hpfm1sR;75kN1qUWvE10QcnpE6nEsM
0q1ZGnRagRa4H9hkaVjefb;75kN1qUWvE10QcnpE6nEsM
0L5pgyAg5kEO69Wn0PpS2Q;75kN1qUWvE10QcnpE6nEsM
1S1okClkzegysOB8bmf3pA;1vHt4VQ8zOxUNmMXR80Y42
6UOrfglbhTUHNLBqOYSndG;1vHt4VQ8zOxUNmMXR80Y42
7Bckb6s0bfnFNjz3yNQwps;1vHt4VQ8zOxUNmMXR80Y42
1z8vdEfAPuouGYkANnUPRF;1vHt4VQ8zOxUNmMXR80Y42
2qYYldFfktyE4O8GyLSbmf;1vHt4VQ8zOxUNmMXR80Y42
5npn5f8L2OZI0CJVhRhB69;1vHt4VQ8zOxUNmMXR80Y42
2OJZYIOnFeivYkgaMkEpFp;1vHt4VQ8zOxUNmMXR80Y42
5qPkDJLmvbD1DVlP0vU2uY;1vHt4VQ8zOxUNmMXR80Y42
19lxX0ZdzmDEC2nup6cX6c;1vHt4VQ8zOxUNmMXR80Y42
09XrvoAUjr9lVMuTZsbPwC;1vHt4VQ8zOxUNmMXR80Y42
1ykcXvriwAOeeSHAWTfb7Q;1vHt4VQ8zOxUNmMXR80Y42
3VdNjgoLw5M1YsoC8SGfuy;7oR8aZ4ECropTmxPydooZ9
3eqDiFEjN09mT86ZxV0cQ7;7oR8aZ4ECropTmxPydooZ9
2nSsS9Rf6HQeJ7yK4mw1kP;7oR8aZ4ECropTmxPydooZ9
2zbGAJHx8SKEFOTkloYoi4;7oR8aZ4ECropTmxPydooZ9
7G4HMJbwSQLtrgbIefw0VA;7oR8aZ4ECropTmxPydooZ9
47pgnnmY0R0spkwAMMWpNq;7oR8aZ4ECropTmxPydooZ9
3tb2Rr1hSKrhmAGhARs7yf;7oR8aZ4ECropTmxPydooZ9
38ukUkU69g6DGQCd3ayFGO;7oR8aZ4ECropTmxPydooZ9
2377q16lGJp3iqRN5SdjXl;7oR8aZ4ECropTmxPydooZ9
24CddFkMemTIlczJkcSUNE;7oR8aZ4ECropTmxPydooZ9
7gv3Z2VSvWjEA4HEqVtXtF;7oR8aZ4ECropTmxPydooZ9
7LYl247HucCqb1SXIE4mpb;7oR8aZ4ECropTmxPydooZ9
0Tk2agqmwJajtoX6sCxngb;7oR8aZ4ECropTmxPydooZ9
0suvhcO8s8zpp7u3YFJxas;7oR8aZ4ECropTmxPydooZ9
4NAVQAXNJOqLPn346v3eQg;7oR8aZ4ECropTmxPydooZ9
6SH8ffmA8APCauRRNVcwT1;7oR8aZ4ECropTmxPydooZ9
6HraU1Tt4h6LXKjIB8yx2d;7oR8aZ4ECropTmxPydooZ9
0TQES8k46jdo5LCkmzeZfp;7oR8aZ4ECropTmxPydooZ9
3GhPnMDZmyP95mKlcRRx0Y;7oR8aZ4ECropTmxPydooZ9
5JZvZh1cTxet4c8RRsY6cG;7oR8aZ4ECropTmxPydooZ9
57iXIQYshWQ213cpjE7SgO;7oR8aZ4ECropTmxPydooZ9
2XgXCt48WUKclfuHCfbQ3h;5xJSVog0izeuIURO34C7Qa
07K610YCf6q6uE5THimBb3;5xJSVog0izeuIURO34C7Qa
08QZBupqwLXOalOpgiTi5e;5xJSVog0izeuIURO34C7Qa
3YYwcT63iArNkWtI8T9xDj;5xJSVog0izeuIURO34C7Qa
0GZKQm2bW1DSmUxvb7NXDC;5xJSVog0izeuIURO34C7Qa
4DpVLXMJpcCUGVd8hSM15Z;5xJSVog0izeuIURO34C7Qa
5L4XI3rAipDiTKdYOoS27G;5xJSVog0izeuIURO34C7Qa
3NtHU8jqIAERWScI9cJUIo;5xJSVog0izeuIURO34C7Qa
45PwQHOUx6EQZ9pCbMC8lu;5xJSVog0izeuIURO34C7Qa
6GF7nsLEJ16bIEHuGBH7h5;5xJSVog0izeuIURO34C7Qa
7KQ2eHNPNc9JWFn5NGdnn6;5xJSVog0izeuIURO34C7Qa
55BnUofUqupastRt9118pO;5xJSVog0izeuIURO34C7Qa
6E6xVYnTszA6MerlIuiAoY;5xJSVog0izeuIURO34C7Qa
7zrHnJ87htwgS20PzFmgTr;7A830iYFt7vb0n0aMLyj5Z
742xIz52S7SuO3l5iYZ7I5;7A830iYFt7vb0n0aMLyj5Z
3EjU4PpZ6rvbUR70YlDEa6;7A830iYFt7vb0n0aMLyj5Z
1wLsq01yVaIFOFlmtVy1W0;7A830iYFt7vb0n0aMLyj5Z
5EmUMk42Am4f3bpatZHuPH;7A830iYFt7vb0n0aMLyj5Z
5kVSDFEAqgjKtcD6tRvRzY;7A830iYFt7vb0n0aMLyj5Z
2ngqFjfI2npmPQYuQaBCNz;7A830iYFt7vb0n0aMLyj5Z
54Gnnzf64nOe3p7uDv1HdK;7A830iYFt7vb0n0aMLyj5Z
0m9hl8ZhjYFqVKPVSN2Xhb;7A830iYFt7vb0n0aMLyj5Z
41RlTAAmlNhuhPx8rPZlDS;7A830iYFt7vb0n0aMLyj5Z
0d5OjJpP79QvO24yisI7qq;7A830iYFt7vb0n0aMLyj5Z
0Z0fC0YNVyikjF50WMRdgS;7A830iYFt7vb0n0aMLyj5Z
22wv8V0iKkce2mmuublNUg;21zdv4QjuegVPhA9tro0HF
3fGd114auQsTN0YLJNz2hF;21zdv4QjuegVPhA9tro0HF
6H58IiE3Pjg2V3CGTTYLFB;21zdv4QjuegVPhA9tro0HF
3wN17W9zqsGOvKUTdwSUkt;21zdv4QjuegVPhA9tro0HF
2Fa2MRIkgvqdofibz62vhr;21zdv4QjuegVPhA9tro0HF
3Lp5jMPth1OCBTuxrsBrgx;21zdv4QjuegVPhA9tro0HF
4nFXwqb0IEFTVSLMEbpPEx;21zdv4QjuegVPhA9tro0HF
2bm4wX1tNB6K2RfJcOeP60;21zdv4QjuegVPhA9tro0HF
30semTcfeCDyb14WpyOegh;21zdv4QjuegVPhA9tro0HF
7Fdb0opzMQ1lvXA8MCsX20;21zdv4QjuegVPhA9tro0HF
5GeLv9V1yAzaHPSrE20AYD;21zdv4QjuegVPhA9tro0HF
3gcj3ZkxQ8NIvIlMVbFqes;21zdv4QjuegVPhA9tro0HF
2I3gCLPIFP8WcVtMHM4NXz;21zdv4QjuegVPhA9tro0HF
6OC7KGUZWnfA76r9IbYsAy;21zdv4QjuegVPhA9tro0HF
3JaWTOUAO2r8A0l3VZqW1E;21zdv4QjuegVPhA9tro0HF
3o7A6UNGdIqI35ixRH9EM9;21zdv4QjuegVPhA9tro0HF
0PtK3muol2Hd5PHJFVVKi0;21zdv4QjuegVPhA9tro0HF
1DqKQQxyoIXaOVC9ChbYZy;21zdv4QjuegVPhA9tro0HF
63g7Z2JC9t4zUBykMvJcm9;21zdv4QjuegVPhA9tro0HF
4E0hCWLiAHoxTeBXiJqeFj;21zdv4QjuegVPhA9tro0HF
4cuHygiGZuEeaAMTh6q8H6;21zdv4QjuegVPhA9tro0HF
2lGm0Lvm2a30SGElpHKeoG;21zdv4QjuegVPhA9tro0HF
5qR9xb6VuXZsAv1bd3oRgh;21zdv4QjuegVPhA9tro0HF
2tFykPvhvN1AdUkeQQLCuV;29HIscCMZKDTvGBWOQgbyf
7lJ8AcD7hEnTBLz1sixHey;29HIscCMZKDTvGBWOQgbyf
0iknUVjF5tojBSTqC3pL0S;29HIscCMZKDTvGBWOQgbyf
5ymKK4A0mInBFBKYJjRXTj;29HIscCMZKDTvGBWOQgbyf
0dhsKLr6aJNpHTvsgRI2j5;29HIscCMZKDTvGBWOQgbyf
0hdPw0RRNCFFnCuYxLS59D;29HIscCMZKDTvGBWOQgbyf
1XobP3s3u53mtkls75CsUM;29HIscCMZKDTvGBWOQgbyf
6iqlxdQjvNlAuUrHCgMau8;29HIscCMZKDTvGBWOQgbyf
1HLbfFVLMVPphzckhhHdyi;29HIscCMZKDTvGBWOQgbyf
40t9J3bHtmX6mOHjZTQe8N;29HIscCMZKDTvGBWOQgbyf
6oYzuOipuYP9ZpOgWmVAKP;29HIscCMZKDTvGBWOQgbyf
7An0G5kTdjJrhd9uh8kfdh;29HIscCMZKDTvGBWOQgbyf
0YM8m2dJ9DKiUO6ZnGzYu6;29HIscCMZKDTvGBWOQgbyf
6FKhpbg9wqiztNQp5q6Hxb;29HIscCMZKDTvGBWOQgbyf
5OJSOpqtBwoexsDgGb61zo;29HIscCMZKDTvGBWOQgbyf
2sy0R1slj9T7vDeq33C1Eg;29HIscCMZKDTvGBWOQgbyf
4rXZ7zmDDk739IWHrLcVt1;2O3avtEIE8xX9F0zcIjIZI
1AHJ9o9ANGVX80oESbiViR;2O3avtEIE8xX9F0zcIjIZI
24sruCj3p7EjKUwUQmxC1U;2O3avtEIE8xX9F0zcIjIZI
5JN70TFrbjjHVJkKfSXlAn;2O3avtEIE8xX9F0zcIjIZI
4mai1CggFbdIpK8MEohA0K;2O3avtEIE8xX9F0zcIjIZI
5RqFC823JhgZjcX2p5pLC2;2O3avtEIE8xX9F0zcIjIZI
4t2L7UTfOcUBF4P8j2eA45;2O3avtEIE8xX9F0zcIjIZI
7dqmragLm9YMSqy4UCKO5P;2O3avtEIE8xX9F0zcIjIZI
1S0xoTJmQCIhbpj9c1ZphK;2O3avtEIE8xX9F0zcIjIZI
3DnGO6nNtrPOy8N2pKxk9F;2O3avtEIE8xX9F0zcIjIZI
5MIoOiIkw77j5OGDlDbM3v;2O3avtEIE8xX9F0zcIjIZI
62Vo9XI7EBbop77Wl4QoQ9;2O3avtEIE8xX9F0zcIjIZI
07fNOvllfYmjvQU76biksH;2O3avtEIE8xX9F0zcIjIZI
28Q9uWuoLNCl3e8fJADaL1;2O3avtEIE8xX9F0zcIjIZI
7BAgDWYAV5Ae7DtUnJi9xo;2O3avtEIE8xX9F0zcIjIZI
3uPImxAltF6FcSGIC3OPWq;2O3avtEIE8xX9F0zcIjIZI
20NMvQ7078gahRN511FACT;2O3avtEIE8xX9F0zcIjIZI
4rzaPfWO07Cs1PIyXecjB2;2O3avtEIE8xX9F0zcIjIZI
4YUSC63LMMUbaeLjcfT4Go;2LG4zoUVueg6iYQTHEQLx6
5xqK2CfiscQLAXpNxomQMz;2LG4zoUVueg6iYQTHEQLx6
1EosR6LgyX7C4kNDUsbqsg;2LG4zoUVueg6iYQTHEQLx6
0E5eM3bcpUhvaqVs0RwBB1;2LG4zoUVueg6iYQTHEQLx6
3AYzGpMFthLueizq9qvWOs;2LG4zoUVueg6iYQTHEQLx6
6PHPbZkJmYAoKyGKa2qAQW;2LG4zoUVueg6iYQTHEQLx6
3gkUwapKvvRpxkj7kiWark;2LG4zoUVueg6iYQTHEQLx6
73laP3hZ9Yipu73tkyQ3cE;2LG4zoUVueg6iYQTHEQLx6
5HkWcIkVoUKsMq1Qvqvg3H;2LG4zoUVueg6iYQTHEQLx6
2PlPegkfW8hx7HLfOlWrz2;2LG4zoUVueg6iYQTHEQLx6
5aFPkGyURyOpilNqIcmphC;2LG4zoUVueg6iYQTHEQLx6
71IqEhkA7JJ9Ti3NHeRjZT;2LG4zoUVueg6iYQTHEQLx6
0R9q3imnid244T1ty47MGs;23vzCh5cDn0LzdGmGWrT1d
4s4S5JJGfqXGlNY6eQZWQB;23vzCh5cDn0LzdGmGWrT1d
7vIyudiO2Tr9hZ2yzfwQmx;23vzCh5cDn0LzdGmGWrT1d
6gpkTvvmychrSmqTOlkdYf;23vzCh5cDn0LzdGmGWrT1d
5HqK6HOczMtdrnvYmDZgAI;23vzCh5cDn0LzdGmGWrT1d
4J3kArNud5C3B98dbCZXE4;23vzCh5cDn0LzdGmGWrT1d
2AyGYefMitcHfYGOtzsEWf;23vzCh5cDn0LzdGmGWrT1d
5YBWXntTBc5P0NWS9hClHG;23vzCh5cDn0LzdGmGWrT1d
42LXJi06Y5KXYAJCsZSPv1;23vzCh5cDn0LzdGmGWrT1d
33J7vGytLYoIAomYcZn8kl;23vzCh5cDn0LzdGmGWrT1d
0g0MBBxtDRy8Igs0AzSZR4;23vzCh5cDn0LzdGmGWrT1d
23zMvkiwXFOM7Y1bO954GA;23vzCh5cDn0LzdGmGWrT1d
2czBvzOv3TvnyoW7Ozo7fP;23vzCh5cDn0LzdGmGWrT1d
5aAfwNuKUeDuZd4wkUPlA2;23vzCh5cDn0LzdGmGWrT1d
5A2wRK7ch9tg6k5iibUsgT;23vzCh5cDn0LzdGmGWrT1d
5gyGC6yxOrsgDeXT1RbyB8;18up6NykzEl2aS94I6TVDg
2CH5XYVNucZGLFageGKY4j;18up6NykzEl2aS94I6TVDg
3DjCCPaL1Pz2lQf2ZnER5X;18up6NykzEl2aS94I6TVDg
1H7VGH2n4xNqi1bu6TSkGk;18up6NykzEl2aS94I6TVDg
2spI9rsadtH5OlgMWuWX8e;18up6NykzEl2aS94I6TVDg
5NlQ1ZbINkFVX2vtDyFd2d;18up6NykzEl2aS94I6TVDg
5tLEgFI1Ud3bl5wPktw7mt;18up6NykzEl2aS94I6TVDg
2MyeqmDOYcGkGjwCQEYqvn;18up6NykzEl2aS94I6TVDg
6fBaMrWPbIWEad5586YHQJ;18up6NykzEl2aS94I6TVDg
4UkLtb37oAQ2upk6ZHaEPy;18up6NykzEl2aS94I6TVDg
34v2XQhXpDBsBBvPEKYgQQ;18up6NykzEl2aS94I6TVDg
39ubLATraO7fddNQ0W9lDA;18up6NykzEl2aS94I6TVDg
7ozOQFAmwalQkeeolsyjRm;18up6NykzEl2aS94I6TVDg
4UlBtmUq5yYHQwudisYKcH;18up6NykzEl2aS94I6TVDg
1AUtxUq1VeSpNTCLEmAk5V;18up6NykzEl2aS94I6TVDg
4kJ6ZBswtsro4egEc8XRqT;18up6NykzEl2aS94I6TVDg
7lJw4d1UWVi6LHSbtZjD6g;18up6NykzEl2aS94I6TVDg
3D7GBqWn62bZRiaCM0osf0;18up6NykzEl2aS94I6TVDg
42ArmxaBZiLy6uPAJ8sXkE;18up6NykzEl2aS94I6TVDg
6MjhFQORsv3ba7Yi9qKZqk;18up6NykzEl2aS94I6TVDg
1Dn8PomeryqydNc83iZJES;66jkXWapz34Z8XPnLpknWv
3pSmYqHvK72aa672EQy0sv;66jkXWapz34Z8XPnLpknWv
1UWdVvkyBjhB9loaDKz1me;66jkXWapz34Z8XPnLpknWv
1NMzgjZ5eCpWWIvYkpVGKo;66jkXWapz34Z8XPnLpknWv
2rvMhhCjxas383ArMOKc0I;66jkXWapz34Z8XPnLpknWv
49apJFCXTCOhkIz3inP0O8;66jkXWapz34Z8XPnLpknWv
4Kel1dUsQKDGsj39cvgAcw;66jkXWapz34Z8XPnLpknWv
1RKEM5tENOIAVzIhU1puqs;66jkXWapz34Z8XPnLpknWv
1gy1tTEB4LgqoWUXa2tLBh;66jkXWapz34Z8XPnLpknWv
1qJUYVFcLOmyEjzPoML22x;66jkXWapz34Z8XPnLpknWv
2KwfjEW4MgGeAVHKswXE0J;66jkXWapz34Z8XPnLpknWv
0r6bUjsgns7R58MaoWclit;66jkXWapz34Z8XPnLpknWv
45KensjudN8EKeNVAfsUQZ;66jkXWapz34Z8XPnLpknWv
5aUwDoZEWsBzR6uRyM6be0;66jkXWapz34Z8XPnLpknWv
5sYzXgik1wg7cUHfFelMb3;66jkXWapz34Z8XPnLpknWv
2RBZGIbUUhLCR7UDlgYpFs;66jkXWapz34Z8XPnLpknWv
2vtUF6BGzCB9lMPcpbw4GA;66jkXWapz34Z8XPnLpknWv
2sSTLXoDoLbi8L7rDcjd6W;66jkXWapz34Z8XPnLpknWv
4J1Yv0tscTLkkz0T5Ie3d6;66jkXWapz34Z8XPnLpknWv
199lbnn0fmByL4mAH9bfY9;66jkXWapz34Z8XPnLpknWv
6XdcBXiqJIOiVCH8BWbMmH;13pZUSPWE87x40BorpgLx2
4kImjIIiFrzD7E9H8QE2XC;13pZUSPWE87x40BorpgLx2
3BPc57lkrBmnKpgmfF5S6L;13pZUSPWE87x40BorpgLx2
1b7jM8mLxmJQDLXn4A6hos;13pZUSPWE87x40BorpgLx2
713IwzDA0qSHZLNI2mkzzz;13pZUSPWE87x40BorpgLx2
0PlcmNiyEnRHQFZ14KxS6c;13pZUSPWE87x40BorpgLx2
0c1Hb0Tg7yA82LrHyBVmEl;13pZUSPWE87x40BorpgLx2
41zIahDCFqHTdXvtLcHrLr;13pZUSPWE87x40BorpgLx2
5vG4yrocD3WZBMsUvtKJJL;13pZUSPWE87x40BorpgLx2
7vCdnd3OhjCcOOFWIqcBNZ;13pZUSPWE87x40BorpgLx2
2N7gnpTs70dYGHz5F8gBPp;13pZUSPWE87x40BorpgLx2
3BvDWzvGW2XKwWvyvePd35;13pZUSPWE87x40BorpgLx2
3AASjUsk53jkjEToHF9zD0;13pZUSPWE87x40BorpgLx2
2T5p7T63Jnu0eYYaNVpjG9;13pZUSPWE87x40BorpgLx2
3ZufkKoXGPSRFQzkFnTbls;13pZUSPWE87x40BorpgLx2
0nKNRuSHMpADxToif0IHh3;13pZUSPWE87x40BorpgLx2
0J4Cm53So8iMPc02fIj31s;13pZUSPWE87x40BorpgLx2
1jM6WWcr6q9WXcgtCmEZIh;13pZUSPWE87x40BorpgLx2
66eN98NAddYEvGrah3Ut9S;13pZUSPWE87x40BorpgLx2
0yvpBvhz7Xft2zJi8DfKEo;13pZUSPWE87x40BorpgLx2
0ZmT7DQBIjKBDruahTLZzT;13pZUSPWE87x40BorpgLx2
01tBpn6TR9LTG1xbwnXUOC;13pZUSPWE87x40BorpgLx2
6OVpwWUoAxnw3wHahWY1Hm;13pZUSPWE87x40BorpgLx2
35bGvmkMIQf6b48rOgguKJ;13pZUSPWE87x40BorpgLx2
0Y8kROhHXpVgGzwzxfWiBs;13pZUSPWE87x40BorpgLx2
6V3Y13ZSA1bH7YAbUo8Umc;13pZUSPWE87x40BorpgLx2
5yEVDOUz9C6un2lyoKcSRA;13pZUSPWE87x40BorpgLx2
5wjf8t841zjxZb3Jobcw5p;13pZUSPWE87x40BorpgLx2
5JPbi8tVqfXvluElFmvOOG;13pZUSPWE87x40BorpgLx2
4DT5ewYCLjhAVEqPMlSGKU;13pZUSPWE87x40BorpgLx2
0y2DBEp460zmIdothHGaXJ;13pZUSPWE87x40BorpgLx2
5sFz2Pvpu1barkrc4qRePf;13pZUSPWE87x40BorpgLx2
2DVyJpS1BbrYNXlHU23o8I;13pZUSPWE87x40BorpgLx2
7EAI7g1sOg4W3x1GeZ0y3p;13pZUSPWE87x40BorpgLx2
2RSYXgNps0QUE12EuIUGHL;13pZUSPWE87x40BorpgLx2
2OamVmtzJv63wz5YKeB1jP;13pZUSPWE87x40BorpgLx2
7aNHlFEALD1GyiVpQsbtD0;13pZUSPWE87x40BorpgLx2
5VJhCjNMfzxbsu4Z8x0Tmc;13pZUSPWE87x40BorpgLx2
4b3FVdEci0ngvQ14dbcUky;13pZUSPWE87x40BorpgLx2
5FmIW8aV00ckb9H1c3OBz6;13pZUSPWE87x40BorpgLx2
5aDJnYESRuDPyiDRuv3PTs;13pZUSPWE87x40BorpgLx2
4C2XA7HSJyii3qBNaVvWXh;13pZUSPWE87x40BorpgLx2
4PqR2cOjFbpSI102g5PcCt;13pZUSPWE87x40BorpgLx2
4THJ5Sv4W1kCyCpcMUxeI6;13pZUSPWE87x40BorpgLx2
42apdfc9dMUDt6lj4ZqE0G;13pZUSPWE87x40BorpgLx2
3zG1YiTu53KCt8W56psgs2;13pZUSPWE87x40BorpgLx2
0V6QHamVjKckMQj8A1vLNw;13pZUSPWE87x40BorpgLx2
1pk7mS3D6hRJsrzCDev9UY;13pZUSPWE87x40BorpgLx2
34oYzILaNsdFPt48Yeb8aq;13pZUSPWE87x40BorpgLx2
4pEueOLwLhEoc96uSzmoOa;13pZUSPWE87x40BorpgLx2
4RaxnzmTN4bojbbEYtvXjk;5TmwoxCapHJLw5cdnQupAl
4gupPromYvaSQaiawbtbgH;5TmwoxCapHJLw5cdnQupAl
2mDcBH9aZ1tHHK8b33p1wL;5TmwoxCapHJLw5cdnQupAl
4oiTnmTrJNDAsOPgEONYpA;5TmwoxCapHJLw5cdnQupAl
39SaXjaiqahk7QASE2MrgI;5TmwoxCapHJLw5cdnQupAl
