7FIWs0pqAYbP91WWM0vlTQ;7dGJo4pcD2V6oG8kP0tJRR
7FIWs0pqAYbP91WWM0vlTQ;4MCBfE4596Uoi2O4DtmEMz
4xkOaSrkexMciUUogZKVTS;7dGJo4pcD2V6oG8kP0tJRR
4xkOaSrkexMciUUogZKVTS;1Oa0bMld0A3u5OTYfMzp5h
7lQ8MOhq6IN2w8EYcFNSUk;7dGJo4pcD2V6oG8kP0tJRR
15JINEqzVMv3SvJTAXAKED;7dGJo4pcD2V6oG8kP0tJRR
15JINEqzVMv3SvJTAXAKED;5pKCCKE2ajJHZ9KAiaK11H
3yfqSUWxFvZELEM4PmlwIR;7dGJo4pcD2V6oG8kP0tJRR
7Ie9W94M7OjPoZVV216Xus;7dGJo4pcD2V6oG8kP0tJRR
3UmaczJpikHgJFyBTAJVoz;7dGJo4pcD2V6oG8kP0tJRR
3UmaczJpikHgJFyBTAJVoz;2mpeljBig2IXLXRAFO9AAs
6or1bKJiZ06IlK0vFvY75k;7dGJo4pcD2V6oG8kP0tJRR
5Z01UMMf7V1o0MzF86s6WJ;7dGJo4pcD2V6oG8kP0tJRR
60SdxE8apGAxMiRrpbmLY0;7dGJo4pcD2V6oG8kP0tJRR
60SdxE8apGAxMiRrpbmLY0;6C1ohJrd5VydigQtaGy5Wa
5PQmSHzWnlgG4EBuIqjac2;20qISvAhX20dpIbOOzGK3q
5PQmSHzWnlgG4EBuIqjac2;2Mu5NfyYm8n5iTomuKAEHl
7bIFYGYmC8MRNzDdNHbPi1;20qISvAhX20dpIbOOzGK3q
1AHfovSnGPVYKaahRtA0U6;20qISvAhX20dpIbOOzGK3q
0QnGI4OgY8ReggLWvEXdgD;20qISvAhX20dpIbOOzGK3q
4dSLfdnCy43DPJiqpoZoKe;20qISvAhX20dpIbOOzGK3q
2dJwnskDT5AHUso6o1Acnp;20qISvAhX20dpIbOOzGK3q
1tJRS17TxD5bwdTk8ehP93;20qISvAhX20dpIbOOzGK3q
2gXI6TBLhmCNy09NioMHdI;20qISvAhX20dpIbOOzGK3q
2Ja3UauMDeQnq4sI8a64Ys;20qISvAhX20dpIbOOzGK3q
7lPJ5PrQnQRurUZIzMCQib;20qISvAhX20dpIbOOzGK3q
4HphiT6pmqBZiNHkyJCgBQ;20qISvAhX20dpIbOOzGK3q
77VyB3Lg1YMnjSSvutM4Al;20qISvAhX20dpIbOOzGK3q
6DWdTk7UaZ6LIYYCFvmgX7;20qISvAhX20dpIbOOzGK3q
0wBLOFRJTBo2elusmfZhu3;20qISvAhX20dpIbOOzGK3q
0ttF21hZCPw2merE3GsHcP;7dGJo4pcD2V6oG8kP0tJRR
15qrWkkYCfmtu1uRpGf48L;7dGJo4pcD2V6oG8kP0tJRR
0x60P5taxdI5pcGbqbap6S;7dGJo4pcD2V6oG8kP0tJRR
7BMO7O7ImjV8HNTH74Tshv;7dGJo4pcD2V6oG8kP0tJRR
27mgDrExPa3obPAYXd3yQg;7dGJo4pcD2V6oG8kP0tJRR
2J3CYFUn6eAuHz5S9IKape;7dGJo4pcD2V6oG8kP0tJRR
5QD28FqaM3jTfsqWwvRZwv;7dGJo4pcD2V6oG8kP0tJRR
288e3FhmVuCqPmNEfAH0h6;7dGJo4pcD2V6oG8kP0tJRR
7io19rjxOFu3pGuZgBI6Pk;7dGJo4pcD2V6oG8kP0tJRR
7io19rjxOFu3pGuZgBI6Pk;2XnnxQzxFZG8qEPjakokPM
0EgkVzDidmq4MP57jZFeik;7dGJo4pcD2V6oG8kP0tJRR
3CpoeW0cZSDzIRv5z34F87;7dGJo4pcD2V6oG8kP0tJRR
4woTEX1wYOTGDqNXuavlRC;7dGJo4pcD2V6oG8kP0tJRR
4woTEX1wYOTGDqNXuavlRC;5jNmxPYz8QE5rYp4GDil8t
6Db8IlZ7YY1pfIjJllejyH;7dGJo4pcD2V6oG8kP0tJRR
5ZxX55HFfi4aofGTxMp58x;7dGJo4pcD2V6oG8kP0tJRR
73qINA7ccO03wxD8nsJalr;7dGJo4pcD2V6oG8kP0tJRR
73qINA7ccO03wxD8nsJalr;5Qi4Bb7a8C0a00NZcA77L0
4EQkcrSLF3QdlwNca7sMXY;7dGJo4pcD2V6oG8kP0tJRR
4EQkcrSLF3QdlwNca7sMXY;6DPYiyq5kWVQS4RGwxzPC7
3F14hbIqy1JKKLTb1mzdYV;7dGJo4pcD2V6oG8kP0tJRR
3F14hbIqy1JKKLTb1mzdYV;4BmYRs3xOI8V1WCPDfxhQo
51LeDAMy6nWqKdjVo7jK4j;7dGJo4pcD2V6oG8kP0tJRR
3Tj1luJyKPQt7WbrqpJ2Az;7dGJo4pcD2V6oG8kP0tJRR
66h8hB4In6t725WtAPL23J;7dGJo4pcD2V6oG8kP0tJRR
66h8hB4In6t725WtAPL23J;0JvIgRftY6CoKCwDpgZ4I1
6HLZaECJKDjNE0jiGBeqxz;7dGJo4pcD2V6oG8kP0tJRR
7kNlRLC9PEH8nXMVawssMx;7dGJo4pcD2V6oG8kP0tJRR
7kNlRLC9PEH8nXMVawssMx;1KCSPY1glIKqW2TotWuXOR
1ne7JVHEPnoncXzQunQVKW;7dGJo4pcD2V6oG8kP0tJRR
0ZqWBTU1EkdVPAMwQgfKiv;7dGJo4pcD2V6oG8kP0tJRR
2V7NoXGv2VDnLeTM7w8SFd;7dGJo4pcD2V6oG8kP0tJRR
7bHT9osSq1rwT2yaImzqCi;7dGJo4pcD2V6oG8kP0tJRR
7bHT9osSq1rwT2yaImzqCi;55Aa2cqylxrFIXC767Z865
0sHW1jXe6Sou3437gJQNGA;7dGJo4pcD2V6oG8kP0tJRR
4SE4yewyGpOYfxfx59Yjc5;7dGJo4pcD2V6oG8kP0tJRR
0dyWQoMOU9oERL6c9vxtRp;7dGJo4pcD2V6oG8kP0tJRR
5Ve4qBYAThGLTOva0hhoTa;7dGJo4pcD2V6oG8kP0tJRR
0ANExk8Iu85oqCgk82rG64;7dGJo4pcD2V6oG8kP0tJRR
1v54pVfqtSC7KbTu2C2pnM;7dGJo4pcD2V6oG8kP0tJRR
44ut2KJnt0HQMnUaMlDv9W;7dGJo4pcD2V6oG8kP0tJRR
1WopKLOG4Kud0H1r3xrCfT;7dGJo4pcD2V6oG8kP0tJRR
5eGEc27nnhtmcOh6RC890a;7dGJo4pcD2V6oG8kP0tJRR
2vDNkLviUQSxSxulGBFSqJ;7dGJo4pcD2V6oG8kP0tJRR
2vDNkLviUQSxSxulGBFSqJ;3k00aazgj6dYcmOCtFm3PG
15joiMls8SpP1VtGivYh6i;7dGJo4pcD2V6oG8kP0tJRR
0DaZU7iKgXMelfXCkCOgBK;7dGJo4pcD2V6oG8kP0tJRR
0DaZU7iKgXMelfXCkCOgBK;4XJl0Ba9LUbTemYMEYw794
23wfXwnsPZYe5A1xXRHb3J;7dGJo4pcD2V6oG8kP0tJRR
7996f9NZeypc4jqfc6hJUa;7dGJo4pcD2V6oG8kP0tJRR
7996f9NZeypc4jqfc6hJUa;7uNtuhVl0QBCpOBG6WB4UE
7996f9NZeypc4jqfc6hJUa;6NFWb2y6S7PH2yvs5xbO2y
3xVtc7PB4V3AqAfq4Iahli;7dGJo4pcD2V6oG8kP0tJRR
3X4Oz9LjhhtgyOhVNlfoYa;7dGJo4pcD2V6oG8kP0tJRR
4HsaoezrUA96qMzDK3ZWnq;7dGJo4pcD2V6oG8kP0tJRR
7tEoJKbYdIHBfn7tTIyjHW;7dGJo4pcD2V6oG8kP0tJRR
0erTM8A9ro5kzcNc962jHd;7dGJo4pcD2V6oG8kP0tJRR
0erTM8A9ro5kzcNc962jHd;2TSvMFHlguDI495vujOAys
7lgvU7WnwcNZ8dbGUz8yhP;7dGJo4pcD2V6oG8kP0tJRR
7lgvU7WnwcNZ8dbGUz8yhP;6DPYiyq5kWVQS4RGwxzPC7
7lgvU7WnwcNZ8dbGUz8yhP;7hJcb9fa4alzcOq3EaNPoG
7lgvU7WnwcNZ8dbGUz8yhP;4tujQJicOnuZRLiBFdp3Ou
7lgvU7WnwcNZ8dbGUz8yhP;1Oa0bMld0A3u5OTYfMzp5h
20oenBXlmwIfK0F3fQIjhM;7dGJo4pcD2V6oG8kP0tJRR
5H3B1WtZYGmyOYOXgQltKU;7dGJo4pcD2V6oG8kP0tJRR
5H3B1WtZYGmyOYOXgQltKU;5Qi4Bb7a8C0a00NZcA77L0
18ohWhzbMCynq5QJ68ifkW;7dGJo4pcD2V6oG8kP0tJRR
3IaAYtmN8T0YIYVqnxNnVz;7dGJo4pcD2V6oG8kP0tJRR
7BneCfYRPXAJsEXRdVzEfV;7dGJo4pcD2V6oG8kP0tJRR
45JxylFwaThjLsRBuzcfoL;7dGJo4pcD2V6oG8kP0tJRR
6dJRP4pXk4SOzWfhfHL3Or;7dGJo4pcD2V6oG8kP0tJRR
3stOygN0I7CIvkEB2LJGbv;7dGJo4pcD2V6oG8kP0tJRR
1mavQ4WCzXSeL2Dm5DS4GQ;7dGJo4pcD2V6oG8kP0tJRR
0OOv1XGVVzUgTIzomIHfR0;7dGJo4pcD2V6oG8kP0tJRR
0OOv1XGVVzUgTIzomIHfR0;4utLUGcTvOJFr6aqIJtYWV
6Xk7PnitV9jCRorWt2LiVZ;7dGJo4pcD2V6oG8kP0tJRR
5k7wy2Ek7y6kSQ4fER7w0E;7dGJo4pcD2V6oG8kP0tJRR
6MtI49ggHHumUTONlvMQlq;7dGJo4pcD2V6oG8kP0tJRR
4WgvTITBJbEfCJHguiE7QS;7dGJo4pcD2V6oG8kP0tJRR
4WgvTITBJbEfCJHguiE7QS;5pKCCKE2ajJHZ9KAiaK11H
0nzsCN9rtXdugPoiIT49Kj;7dGJo4pcD2V6oG8kP0tJRR
0iMN420Q45isZVNlAqzPTW;7dGJo4pcD2V6oG8kP0tJRR
0iMN420Q45isZVNlAqzPTW;2YZyLoL8N0Wb9xBt1NhZWg
222dTwr5XeEgAzEtsrQA0R;7dGJo4pcD2V6oG8kP0tJRR
222dTwr5XeEgAzEtsrQA0R;1qUjOF5fzrpoNycD36b2jZ
3E1BkJEsRK7VsSNzijilGm;7dGJo4pcD2V6oG8kP0tJRR
5sGzBBWPe4YC2YoW7lBYph;7dGJo4pcD2V6oG8kP0tJRR
01zPnSlKCw9WLbY0kvNep0;7dGJo4pcD2V6oG8kP0tJRR
01zPnSlKCw9WLbY0kvNep0;2FsZnS8gQ8jG1HGnPYNlm9
3fCRPhzGYSd4y6K1qjFcIp;7dGJo4pcD2V6oG8kP0tJRR
7hiBhOh4s8G0xmGYBAjyuw;7dGJo4pcD2V6oG8kP0tJRR
7hiBhOh4s8G0xmGYBAjyuw;5WUlDfRSoLAfcVSX1WnrxN
4dfAUJI1QesmK5HfK9gtYs;7dGJo4pcD2V6oG8kP0tJRR
3V2nJ58SmfZ28Uh0QfyL4Q;7dGJo4pcD2V6oG8kP0tJRR
0fMWtRhzOoWoCo7dRHVEEa;7dGJo4pcD2V6oG8kP0tJRR
2sGSId790ABFzGXx9VEdwl;7dGJo4pcD2V6oG8kP0tJRR
1dWimOlV5KUHDerWZVDv5l;7dGJo4pcD2V6oG8kP0tJRR
1PlMbi0Qkrlp9yVFM8JEXp;7dGJo4pcD2V6oG8kP0tJRR
1PlMbi0Qkrlp9yVFM8JEXp;2mpeljBig2IXLXRAFO9AAs
0fGh0trRN1xz3s41r7V5ce;7dGJo4pcD2V6oG8kP0tJRR
0fGh0trRN1xz3s41r7V5ce;1Oa0bMld0A3u5OTYfMzp5h
1AcGKHRv5Q4TJd9yb4vjHE;7dGJo4pcD2V6oG8kP0tJRR
3D2a29lN634NyexjFPY9rV;3eqjTLE0HfPfh78zjh6TqT
4XDQuvRrjGKuD1VzZsKY1a;3eqjTLE0HfPfh78zjh6TqT
5gw1ngV7cDILJHTujuvs6O;3eqjTLE0HfPfh78zjh6TqT
0Ms6R5cgFl2mvt3bnghtmk;3eqjTLE0HfPfh78zjh6TqT
7lVyeemuCDArnL706efpTl;3eqjTLE0HfPfh78zjh6TqT
5SMqAcyULA666x9M51t2wm;3eqjTLE0HfPfh78zjh6TqT
7wfgcuh43jsQCUsWReFzTR;3eqjTLE0HfPfh78zjh6TqT
2RsTjad1nVUGrQmSoL1m8Y;7dGJo4pcD2V6oG8kP0tJRR
3Q0mJByJRrUTZGrBFYnfCP;7dGJo4pcD2V6oG8kP0tJRR
5v8F7GFQgmCESBpPFbC9DN;7dGJo4pcD2V6oG8kP0tJRR
0TGd9kXFDRQG9FF0netmah;7dGJo4pcD2V6oG8kP0tJRR
5dZqnPqFR45xCZGWmxScqM;7dGJo4pcD2V6oG8kP0tJRR
5dZqnPqFR45xCZGWmxScqM;6DPYiyq5kWVQS4RGwxzPC7
4ni8GyT1Lwn1LVl88MJsQd;7dGJo4pcD2V6oG8kP0tJRR
4S06iZrLlGsSqKlK6paOv8;7dGJo4pcD2V6oG8kP0tJRR
42YNobZ4HN3tRVEA47wLT6;7dGJo4pcD2V6oG8kP0tJRR
2iveqBUOzQlQBSxgAlK0bs;7dGJo4pcD2V6oG8kP0tJRR
2iveqBUOzQlQBSxgAlK0bs;3PhoLpVuITZKcymswpck5b
7jmEukeWKG64zyTFDrBSdk;7dGJo4pcD2V6oG8kP0tJRR
7jmEukeWKG64zyTFDrBSdk;5me0Irg2ANcsgc93uaYrpb
33WAOTIgd5JLc3CFZBaLQA;7dGJo4pcD2V6oG8kP0tJRR
0gM2LPvmYnW1Gr6A3hS8Fg;7dGJo4pcD2V6oG8kP0tJRR
1nYGBdTeHQd0YXqRBEDMGz;7dGJo4pcD2V6oG8kP0tJRR
1nYGBdTeHQd0YXqRBEDMGz;5Qi4Bb7a8C0a00NZcA77L0
03MsOLzpQSyH46DZxkt84o;7dGJo4pcD2V6oG8kP0tJRR
5ASZFbCod633wLragmPYTj;7dGJo4pcD2V6oG8kP0tJRR
5ASZFbCod633wLragmPYTj;3nFkdlSjzX9mRTtwJOzDYB
1zWcM9b68ZdftWCP7JyOTq;7dGJo4pcD2V6oG8kP0tJRR
2jt2WxXMCD4zjACthkJQVE;7dGJo4pcD2V6oG8kP0tJRR
2XTquzYQAdT1Hk78bOUwsv;7dGJo4pcD2V6oG8kP0tJRR
0Uv5Kp8sEnriJjkX4oLfNI;7dGJo4pcD2V6oG8kP0tJRR
0Uv5Kp8sEnriJjkX4oLfNI;6bwVWdQfr6ttzrGLboVkjg
0evt4UZbdhnHtcAnxkm6A1;7dGJo4pcD2V6oG8kP0tJRR
6B3zy3LOKHndqsviCr2z15;7dGJo4pcD2V6oG8kP0tJRR
60Z57Wdrn0pEVpHI7d7GAX;7dGJo4pcD2V6oG8kP0tJRR
28FGV3ORH14MYORd7s5dlU;7dGJo4pcD2V6oG8kP0tJRR
28FGV3ORH14MYORd7s5dlU;6DVipHzYsPlIoA0DW8Gmns
2gsNpSn7VvvJuSrIDfRoYy;7dGJo4pcD2V6oG8kP0tJRR
58QhkbaAkLFnn7JwAnAato;7dGJo4pcD2V6oG8kP0tJRR
09FfQO3PqHO4HIJL511Ksi;7dGJo4pcD2V6oG8kP0tJRR
09FfQO3PqHO4HIJL511Ksi;3KedxarmBCyFBevnqQHy3P
4g32MdRoqwGKQd3NXIRhpU;7dGJo4pcD2V6oG8kP0tJRR
4g32MdRoqwGKQd3NXIRhpU;3KedxarmBCyFBevnqQHy3P
2SL6oP2YAEQbqsrkOzRGO4;7dGJo4pcD2V6oG8kP0tJRR
7ccTcabbJlCJiIqtrSSwBk;7dGJo4pcD2V6oG8kP0tJRR
0q2vG0UVuy6ajjcpkQHdZM;7dGJo4pcD2V6oG8kP0tJRR
0q2vG0UVuy6ajjcpkQHdZM;7LvoDJUNGnOrPdGRzVtOJ9
0GQ5bFTVFFKpwNPc7KwQnB;7dGJo4pcD2V6oG8kP0tJRR
0GQ5bFTVFFKpwNPc7KwQnB;6DVipHzYsPlIoA0DW8Gmns
0GQ5bFTVFFKpwNPc7KwQnB;79KQgTCu4wV38ECYKn62DZ
4EmunTy7kNBYQivOa8F6b8;7dGJo4pcD2V6oG8kP0tJRR
0VSzREd1OjEWJ9tXoFHRQH;7dGJo4pcD2V6oG8kP0tJRR
0VSzREd1OjEWJ9tXoFHRQH;6eUKZXaKkcviH0Ku9w2n3V
7Dj2wqPYXfSRFwa6qyOztr;7dGJo4pcD2V6oG8kP0tJRR
5SiZJoLXp3WOl3J4C8IK0d;7dGJo4pcD2V6oG8kP0tJRR
5CpsIb7SMFHjmAG8RvIWfq;7dGJo4pcD2V6oG8kP0tJRR
5CpsIb7SMFHjmAG8RvIWfq;4utLUGcTvOJFr6aqIJtYWV
5mZXWEH2eh8zMZGCxT5aW0;7dGJo4pcD2V6oG8kP0tJRR
5mZXWEH2eh8zMZGCxT5aW0;6DVipHzYsPlIoA0DW8Gmns
5mZXWEH2eh8zMZGCxT5aW0;6DJEUXZm0e2rAohdoZ5Voo
5mZXWEH2eh8zMZGCxT5aW0;3ZotbHeyVQKxQCPDJuQ4SU
5mZXWEH2eh8zMZGCxT5aW0;1WjexdTcXHgvlVIPCE8D1Q
2d3fdQ6OxmUIsF20eCpcrv;7dGJo4pcD2V6oG8kP0tJRR
3QVHSV8YKYq4L8tI5rnFgj;7dGJo4pcD2V6oG8kP0tJRR
34d7sGX6WUqq8f04e7CSNF;7dGJo4pcD2V6oG8kP0tJRR
40YbWniIEmqy6s58fYXLUh;7dGJo4pcD2V6oG8kP0tJRR
4qNWEOMyexn7b8Icyk29t9;7dGJo4pcD2V6oG8kP0tJRR
1qwMkkRiD5jqLeUUjfgblh;7dGJo4pcD2V6oG8kP0tJRR
1qwMkkRiD5jqLeUUjfgblh;3jK9MiCrA42lLAdMGUZpwa
74gykWHknHDrg4eMdcmdRq;7dGJo4pcD2V6oG8kP0tJRR
1lO9CZo6eDrOy0S7khgryG;7dGJo4pcD2V6oG8kP0tJRR
1lO9CZo6eDrOy0S7khgryG;4Gso3d4CscCijv0lmajZWs
3CJbxqRQ0JNCqboWDNUUeX;7dGJo4pcD2V6oG8kP0tJRR
3CJbxqRQ0JNCqboWDNUUeX;6fFfnKGVI6X3lkCr8Qw1g1
3CJbxqRQ0JNCqboWDNUUeX;6DVipHzYsPlIoA0DW8Gmns
3CJbxqRQ0JNCqboWDNUUeX;1q13yHC6Syg5Y8iPLrRnCq
1WAwILvz37MkmZfmGnEXfg;7dGJo4pcD2V6oG8kP0tJRR
4VpkCmCnqgcUcysgHdTbYf;3eqjTLE0HfPfh78zjh6TqT
4Ngh6rMVUCOFK30oO0iEMD;3eqjTLE0HfPfh78zjh6TqT
6iTvdHhfGD9Gu0eD7VNRkR;3eqjTLE0HfPfh78zjh6TqT
3S2bActYBlskH5gtanFIMO;3eqjTLE0HfPfh78zjh6TqT
1LQDe2LxhReHitq7sdgLcN;3eqjTLE0HfPfh78zjh6TqT
0bsFL9VF0BQCIvF2cRn0Sk;3eqjTLE0HfPfh78zjh6TqT
1SlatjHQbN3SO0JERD4Mwk;3eqjTLE0HfPfh78zjh6TqT
5lIYDDewEvlsOw7RSTlnr9;3eqjTLE0HfPfh78zjh6TqT
23iSWEI5GZAGxHcJKYCuiC;3eqjTLE0HfPfh78zjh6TqT
6ZOdsfgq6ygEPnG3nCIY8L;3eqjTLE0HfPfh78zjh6TqT
4V1TOoANnpTNEXaDH95MKe;3eqjTLE0HfPfh78zjh6TqT
2uI2KlfpxGGVnLnpNWdhHS;3eqjTLE0HfPfh78zjh6TqT
1MksSIlQp0qQe8gYBxE8g7;3eqjTLE0HfPfh78zjh6TqT
6FPOXlsocQfNKNo2yn8PKm;3eqjTLE0HfPfh78zjh6TqT
1FmpzuETef4zTQc6azxJCP;3eqjTLE0HfPfh78zjh6TqT
6J9MUDZ96r7m1LdevPehIH;3eqjTLE0HfPfh78zjh6TqT
3tRK0db2wd6d2JBEblKTtl;3eqjTLE0HfPfh78zjh6TqT
3w9L5cvyoDu29d1dz4dEcI;3eqjTLE0HfPfh78zjh6TqT
05eKAYwnkIOJIwcZSJSzRs;3eqjTLE0HfPfh78zjh6TqT
3YvVFTEwaZs8AGZUcypxOd;3eqjTLE0HfPfh78zjh6TqT
5DvmvGpiGl2GEy5gp3rg7u;3eqjTLE0HfPfh78zjh6TqT
6PKOGoRNhAd01tltGGWg1s;3eqjTLE0HfPfh78zjh6TqT
5delR93ecqgtAIbhRdMDPO;3eqjTLE0HfPfh78zjh6TqT
05rizAAJYYh9y2SnAIoCPZ;3eqjTLE0HfPfh78zjh6TqT
7w8SXSTI9kyUTj1m4TbTQP;3eqjTLE0HfPfh78zjh6TqT
4j68DZOEftEeDjkMttWdll;3eqjTLE0HfPfh78zjh6TqT
6Jt1ccJG0ZiT9acRHl1YfQ;3eqjTLE0HfPfh78zjh6TqT
06OV3qRCboo6THc73Vy2l5;3eqjTLE0HfPfh78zjh6TqT
4HK0sl3lqQH0RR0dA0ZQH5;3eqjTLE0HfPfh78zjh6TqT
58YZTutWhYcglUHl3Udnlj;3eqjTLE0HfPfh78zjh6TqT
1J0WXgITM3l66pVKVOuXtz;3eqjTLE0HfPfh78zjh6TqT
6Wo8blkPPnkSxDH23wSYvF;3eqjTLE0HfPfh78zjh6TqT
6Amf1EKnnEYaWT2aeszsXl;3eqjTLE0HfPfh78zjh6TqT
0II4vX2zmxXzNV6jpZNrrn;3eqjTLE0HfPfh78zjh6TqT
1Z5BBovyC5r7Z23mGXvgoA;3eqjTLE0HfPfh78zjh6TqT
4RJjxFnUWa1ZWxUiqZ3ZJN;3eqjTLE0HfPfh78zjh6TqT
2NVDqyBmkPLANgy3S5He6d;3eqjTLE0HfPfh78zjh6TqT
5bpaHLJ08GNBKW35ZfCYJy;3eqjTLE0HfPfh78zjh6TqT
3YJNKUN2oTEARBNooWxhlx;3eqjTLE0HfPfh78zjh6TqT
7jTBodGQzYdcXbiTIz5GEe;3eqjTLE0HfPfh78zjh6TqT
6LysH2MCHSCm6GnKWScHHA;3eqjTLE0HfPfh78zjh6TqT
3TM0Ohnzg5npnrXtPYi95H;3eqjTLE0HfPfh78zjh6TqT
5i7bDQUNHlTsRMJBVYJ032;3eqjTLE0HfPfh78zjh6TqT
7G7UNs17d0Grqk63M2MAwu;3eqjTLE0HfPfh78zjh6TqT
35BFaUG8cC4VLu4S07K6hJ;3eqjTLE0HfPfh78zjh6TqT
6W0Ja06Dh9Dj1Q7wAkFyea;3eqjTLE0HfPfh78zjh6TqT
2RskkQc3xmgs3peuYtXrDU;3eqjTLE0HfPfh78zjh6TqT
1HeIA8Es0YmMzx9wsW0jLK;3eqjTLE0HfPfh78zjh6TqT
2TaM61A70gNH7wuHt92itD;3eqjTLE0HfPfh78zjh6TqT
4t5vA7diJvcFGHMAEDrWzy;3eqjTLE0HfPfh78zjh6TqT
1VkhHPBER6TR0yfk7aZrgu;3eqjTLE0HfPfh78zjh6TqT
5cvu6MI9Hezs3NRU6ttFB5;3eqjTLE0HfPfh78zjh6TqT
78Mb1ZQcZ3zE464LiV5YqS;3eqjTLE0HfPfh78zjh6TqT
4F4jhvc8RtnQlErUunYMkA;3eqjTLE0HfPfh78zjh6TqT
4XC1US7ZHyZ6Gpa19zjuJS;3eqjTLE0HfPfh78zjh6TqT
7fRzEhB9YD9lKfm05F3CC9;3eqjTLE0HfPfh78zjh6TqT
6TGhSdj9CaXcxTHLjbNNYL;3eqjTLE0HfPfh78zjh6TqT
0JkY7NBGdF9bqbfOwah7UL;3eqjTLE0HfPfh78zjh6TqT
1ROdEjSQNMGFvckeRu68SE;3eqjTLE0HfPfh78zjh6TqT
4I0KYxM4fCPEHEQWTD79nV;3eqjTLE0HfPfh78zjh6TqT
0RWvjagX1YOcTNZ4EcKgqy;3eqjTLE0HfPfh78zjh6TqT
3nC2MUHFpwh4HRbWbu3OJt;3eqjTLE0HfPfh78zjh6TqT
3BovzKDaHT2jsEZj3Kku95;3eqjTLE0HfPfh78zjh6TqT
2l5HM51zhv1bcW3FIwD83m;3eqjTLE0HfPfh78zjh6TqT
3qOi3vUVZ242kglt5n7RhA;3eqjTLE0HfPfh78zjh6TqT
3KOsU0HxbEJ69R4KYpY86S;3eqjTLE0HfPfh78zjh6TqT
5SWGeRYwoqrrG97dFOCt4s;3eqjTLE0HfPfh78zjh6TqT
4912tpbfCZEcSqPvmQVu1W;3eqjTLE0HfPfh78zjh6TqT
6ouKlVFWfIFBbgHU9p1ZJd;3eqjTLE0HfPfh78zjh6TqT
1ONJfXwpdE7gS6i2SGFnF0;3eqjTLE0HfPfh78zjh6TqT
63ZszFJB21tmGvuosC0w5i;3eqjTLE0HfPfh78zjh6TqT
28zko4990ICbmC0dlMcB1n;3eqjTLE0HfPfh78zjh6TqT
2svayFy3POtVlBpSNUnrcL;3eqjTLE0HfPfh78zjh6TqT
660kr65d0O2AVIL0yfse4O;3eqjTLE0HfPfh78zjh6TqT
0MCZnO5mEeq8cOSk2DXbJO;3eqjTLE0HfPfh78zjh6TqT
0MCZnO5mEeq8cOSk2DXbJO;3WFSpOtYChmazxRMVfxa8A
3NKUsAGxUxqlWiK1WlwAR1;3eqjTLE0HfPfh78zjh6TqT
3NKUsAGxUxqlWiK1WlwAR1;3WFSpOtYChmazxRMVfxa8A
0BKsUAAa9voObnXzs4PJbd;3eqjTLE0HfPfh78zjh6TqT
0BKsUAAa9voObnXzs4PJbd;7qDozVARKms1pcEsHiEcy7
5b1DqW7n5AvEjVgw6jRzE9;3eqjTLE0HfPfh78zjh6TqT
3VMSj3Nv5LTtji0aA7FFYv;3eqjTLE0HfPfh78zjh6TqT
7oAVW3eC8hwcxfWe8qWZuQ;3eqjTLE0HfPfh78zjh6TqT
54yfe0cZ0FXhEXscncAxdY;3eqjTLE0HfPfh78zjh6TqT
1IMqNbxi2YkYpgwWrQ3415;3eqjTLE0HfPfh78zjh6TqT
79PCqnvAUDQKfeYFAXnMPL;3eqjTLE0HfPfh78zjh6TqT
7o2XVJLofa26zNHJFh1PCV;3eqjTLE0HfPfh78zjh6TqT
7ck78E5l7QrlxRUPtWJj3T;3eqjTLE0HfPfh78zjh6TqT
7zrPuEYifsTfBll62RZ30C;3eqjTLE0HfPfh78zjh6TqT
0mclma7ytWRxThexb62uE2;3eqjTLE0HfPfh78zjh6TqT
4KrTh9wcx7fn8dBQhfdKMi;3eqjTLE0HfPfh78zjh6TqT
4z02bBuibhxi3cU5dxUdB4;3eqjTLE0HfPfh78zjh6TqT
3JmpgU0GiVdAb9yITZPLct;3eqjTLE0HfPfh78zjh6TqT
38IswsftaF0fMckl13yVUi;3eqjTLE0HfPfh78zjh6TqT
66mBO2RwmFc71AsGBHU2YM;3eqjTLE0HfPfh78zjh6TqT
4GbPT7LQNb1nQePEcakZvo;3eqjTLE0HfPfh78zjh6TqT
74dFnSmE7o2flB5PT28mb8;3eqjTLE0HfPfh78zjh6TqT
4fpgB0FJiQ2bH7SVBHcT7j;3eqjTLE0HfPfh78zjh6TqT
6GfEXHNIiEYIRwgvuVR8s0;3eqjTLE0HfPfh78zjh6TqT
7eraqImLpg2dhoQwusew3C;3eqjTLE0HfPfh78zjh6TqT
5tdERSH4Mgu2dylN1rp3xr;3eqjTLE0HfPfh78zjh6TqT
5jrs1wogI5iTazGAg0s5zo;3eqjTLE0HfPfh78zjh6TqT
6CHW7Je7FeCCSsGrjSAkZp;3eqjTLE0HfPfh78zjh6TqT
6rVeqP405c9TvZk6cEH3bL;3eqjTLE0HfPfh78zjh6TqT
6HlYrk5AuljlJpzYgr8zh1;3eqjTLE0HfPfh78zjh6TqT
1Rm03r3xeR4c9NbuRqEYtc;3eqjTLE0HfPfh78zjh6TqT
0un5QdMnuibGplkMHYorvg;3eqjTLE0HfPfh78zjh6TqT
4KGbQXQ8HKVypeKJslxQtH;3eqjTLE0HfPfh78zjh6TqT
2XkM4X2pJXTutY8IcUlDVc;3eqjTLE0HfPfh78zjh6TqT
7hY5jzlcuzefRTNCOQjlo9;3eqjTLE0HfPfh78zjh6TqT
3GIMe4KXSuMRxkxjHUhL6J;3eqjTLE0HfPfh78zjh6TqT
5piFhn0sH6i5iGaESBuTJd;3eqjTLE0HfPfh78zjh6TqT
74T9rL9UIqUUBQcHG1QY3I;3eqjTLE0HfPfh78zjh6TqT
4LKlmGTWGY8SHfIw0c9jQu;3eqjTLE0HfPfh78zjh6TqT
6vLV9rlz6hT1bR6rxptXfh;3eqjTLE0HfPfh78zjh6TqT
0Kb43WhfwnVCroQhAxHs6n;3eqjTLE0HfPfh78zjh6TqT
5I2pryLKw0kmA41kEBBhFP;3eqjTLE0HfPfh78zjh6TqT
63ge5ihHVtpxiY7Hpfm1sR;3eqjTLE0HfPfh78zjh6TqT
0q1ZGnRagRa4H9hkaVjefb;3eqjTLE0HfPfh78zjh6TqT
0L5pgyAg5kEO69Wn0PpS2Q;3eqjTLE0HfPfh78zjh6TqT
1S1okClkzegysOB8bmf3pA;3eqjTLE0HfPfh78zjh6TqT
6UOrfglbhTUHNLBqOYSndG;3eqjTLE0HfPfh78zjh6TqT
7Bckb6s0bfnFNjz3yNQwps;3eqjTLE0HfPfh78zjh6TqT
1z8vdEfAPuouGYkANnUPRF;3eqjTLE0HfPfh78zjh6TqT
2qYYldFfktyE4O8GyLSbmf;3eqjTLE0HfPfh78zjh6TqT
5npn5f8L2OZI0CJVhRhB69;3eqjTLE0HfPfh78zjh6TqT
2OJZYIOnFeivYkgaMkEpFp;3eqjTLE0HfPfh78zjh6TqT
5qPkDJLmvbD1DVlP0vU2uY;3eqjTLE0HfPfh78zjh6TqT
19lxX0ZdzmDEC2nup6cX6c;3eqjTLE0HfPfh78zjh6TqT
09XrvoAUjr9lVMuTZsbPwC;3eqjTLE0HfPfh78zjh6TqT
1ykcXvriwAOeeSHAWTfb7Q;3eqjTLE0HfPfh78zjh6TqT
3VdNjgoLw5M1YsoC8SGfuy;3eqjTLE0HfPfh78zjh6TqT
3eqDiFEjN09mT86ZxV0cQ7;3eqjTLE0HfPfh78zjh6TqT
2nSsS9Rf6HQeJ7yK4mw1kP;3eqjTLE0HfPfh78zjh6TqT
2zbGAJHx8SKEFOTkloYoi4;3eqjTLE0HfPfh78zjh6TqT
7G4HMJbwSQLtrgbIefw0VA;3eqjTLE0HfPfh78zjh6TqT
47pgnnmY0R0spkwAMMWpNq;3eqjTLE0HfPfh78zjh6TqT
3tb2Rr1hSKrhmAGhARs7yf;3eqjTLE0HfPfh78zjh6TqT
38ukUkU69g6DGQCd3ayFGO;3eqjTLE0HfPfh78zjh6TqT
2377q16lGJp3iqRN5SdjXl;3eqjTLE0HfPfh78zjh6TqT
24CddFkMemTIlczJkcSUNE;3eqjTLE0HfPfh78zjh6TqT
7gv3Z2VSvWjEA4HEqVtXtF;3eqjTLE0HfPfh78zjh6TqT
7LYl247HucCqb1SXIE4mpb;3eqjTLE0HfPfh78zjh6TqT
0Tk2agqmwJajtoX6sCxngb;3eqjTLE0HfPfh78zjh6TqT
0suvhcO8s8zpp7u3YFJxas;3eqjTLE0HfPfh78zjh6TqT
4NAVQAXNJOqLPn346v3eQg;3eqjTLE0HfPfh78zjh6TqT
6SH8ffmA8APCauRRNVcwT1;3eqjTLE0HfPfh78zjh6TqT
6HraU1Tt4h6LXKjIB8yx2d;3eqjTLE0HfPfh78zjh6TqT
0TQES8k46jdo5LCkmzeZfp;3eqjTLE0HfPfh78zjh6TqT
3GhPnMDZmyP95mKlcRRx0Y;3eqjTLE0HfPfh78zjh6TqT
5JZvZh1cTxet4c8RRsY6cG;3eqjTLE0HfPfh78zjh6TqT
57iXIQYshWQ213cpjE7SgO;3eqjTLE0HfPfh78zjh6TqT
2XgXCt48WUKclfuHCfbQ3h;3eqjTLE0HfPfh78zjh6TqT
07K610YCf6q6uE5THimBb3;3eqjTLE0HfPfh78zjh6TqT
08QZBupqwLXOalOpgiTi5e;3eqjTLE0HfPfh78zjh6TqT
3YYwcT63iArNkWtI8T9xDj;3eqjTLE0HfPfh78zjh6TqT
0GZKQm2bW1DSmUxvb7NXDC;3eqjTLE0HfPfh78zjh6TqT
4DpVLXMJpcCUGVd8hSM15Z;3eqjTLE0HfPfh78zjh6TqT
5L4XI3rAipDiTKdYOoS27G;3eqjTLE0HfPfh78zjh6TqT
3NtHU8jqIAERWScI9cJUIo;3eqjTLE0HfPfh78zjh6TqT
45PwQHOUx6EQZ9pCbMC8lu;3eqjTLE0HfPfh78zjh6TqT
6GF7nsLEJ16bIEHuGBH7h5;3eqjTLE0HfPfh78zjh6TqT
7KQ2eHNPNc9JWFn5NGdnn6;3eqjTLE0HfPfh78zjh6TqT
55BnUofUqupastRt9118pO;3eqjTLE0HfPfh78zjh6TqT
6E6xVYnTszA6MerlIuiAoY;3eqjTLE0HfPfh78zjh6TqT
7zrHnJ87htwgS20PzFmgTr;3eqjTLE0HfPfh78zjh6TqT
742xIz52S7SuO3l5iYZ7I5;3eqjTLE0HfPfh78zjh6TqT
3EjU4PpZ6rvbUR70YlDEa6;3eqjTLE0HfPfh78zjh6TqT
1wLsq01yVaIFOFlmtVy1W0;3eqjTLE0HfPfh78zjh6TqT
5EmUMk42Am4f3bpatZHuPH;3eqjTLE0HfPfh78zjh6TqT
5kVSDFEAqgjKtcD6tRvRzY;3eqjTLE0HfPfh78zjh6TqT
2ngqFjfI2npmPQYuQaBCNz;3eqjTLE0HfPfh78zjh6TqT
54Gnnzf64nOe3p7uDv1HdK;3eqjTLE0HfPfh78zjh6TqT
0m9hl8ZhjYFqVKPVSN2Xhb;3eqjTLE0HfPfh78zjh6TqT
41RlTAAmlNhuhPx8rPZlDS;3eqjTLE0HfPfh78zjh6TqT
0d5OjJpP79QvO24yisI7qq;3eqjTLE0HfPfh78zjh6TqT
0Z0fC0YNVyikjF50WMRdgS;3eqjTLE0HfPfh78zjh6TqT
22wv8V0iKkce2mmuublNUg;3eqjTLE0HfPfh78zjh6TqT
22wv8V0iKkce2mmuublNUg;423tr6Ouot1yk7Z0q9h6PT
3fGd114auQsTN0YLJNz2hF;3eqjTLE0HfPfh78zjh6TqT
3fGd114auQsTN0YLJNz2hF;423tr6Ouot1yk7Z0q9h6PT
6H58IiE3Pjg2V3CGTTYLFB;3eqjTLE0HfPfh78zjh6TqT
6H58IiE3Pjg2V3CGTTYLFB;423tr6Ouot1yk7Z0q9h6PT
3wN17W9zqsGOvKUTdwSUkt;3eqjTLE0HfPfh78zjh6TqT
3wN17W9zqsGOvKUTdwSUkt;423tr6Ouot1yk7Z0q9h6PT
2Fa2MRIkgvqdofibz62vhr;3eqjTLE0HfPfh78zjh6TqT
2Fa2MRIkgvqdofibz62vhr;423tr6Ouot1yk7Z0q9h6PT
3Lp5jMPth1OCBTuxrsBrgx;3eqjTLE0HfPfh78zjh6TqT
3Lp5jMPth1OCBTuxrsBrgx;423tr6Ouot1yk7Z0q9h6PT
4nFXwqb0IEFTVSLMEbpPEx;3eqjTLE0HfPfh78zjh6TqT
4nFXwqb0IEFTVSLMEbpPEx;423tr6Ouot1yk7Z0q9h6PT
2bm4wX1tNB6K2RfJcOeP60;3eqjTLE0HfPfh78zjh6TqT
2bm4wX1tNB6K2RfJcOeP60;423tr6Ouot1yk7Z0q9h6PT
30semTcfeCDyb14WpyOegh;3eqjTLE0HfPfh78zjh6TqT
30semTcfeCDyb14WpyOegh;423tr6Ouot1yk7Z0q9h6PT
7Fdb0opzMQ1lvXA8MCsX20;3eqjTLE0HfPfh78zjh6TqT
7Fdb0opzMQ1lvXA8MCsX20;423tr6Ouot1yk7Z0q9h6PT
5GeLv9V1yAzaHPSrE20AYD;3eqjTLE0HfPfh78zjh6TqT
5GeLv9V1yAzaHPSrE20AYD;423tr6Ouot1yk7Z0q9h6PT
3gcj3ZkxQ8NIvIlMVbFqes;3eqjTLE0HfPfh78zjh6TqT
3gcj3ZkxQ8NIvIlMVbFqes;423tr6Ouot1yk7Z0q9h6PT
2I3gCLPIFP8WcVtMHM4NXz;3eqjTLE0HfPfh78zjh6TqT
2I3gCLPIFP8WcVtMHM4NXz;423tr6Ouot1yk7Z0q9h6PT
6OC7KGUZWnfA76r9IbYsAy;3eqjTLE0HfPfh78zjh6TqT
6OC7KGUZWnfA76r9IbYsAy;423tr6Ouot1yk7Z0q9h6PT
3JaWTOUAO2r8A0l3VZqW1E;3eqjTLE0HfPfh78zjh6TqT
3JaWTOUAO2r8A0l3VZqW1E;423tr6Ouot1yk7Z0q9h6PT
3o7A6UNGdIqI35ixRH9EM9;3eqjTLE0HfPfh78zjh6TqT
3o7A6UNGdIqI35ixRH9EM9;423tr6Ouot1yk7Z0q9h6PT
0PtK3muol2Hd5PHJFVVKi0;3eqjTLE0HfPfh78zjh6TqT
0PtK3muol2Hd5PHJFVVKi0;423tr6Ouot1yk7Z0q9h6PT
1DqKQQxyoIXaOVC9ChbYZy;3eqjTLE0HfPfh78zjh6TqT
1DqKQQxyoIXaOVC9ChbYZy;423tr6Ouot1yk7Z0q9h6PT
63g7Z2JC9t4zUBykMvJcm9;3eqjTLE0HfPfh78zjh6TqT
63g7Z2JC9t4zUBykMvJcm9;423tr6Ouot1yk7Z0q9h6PT
4E0hCWLiAHoxTeBXiJqeFj;3eqjTLE0HfPfh78zjh6TqT
4E0hCWLiAHoxTeBXiJqeFj;423tr6Ouot1yk7Z0q9h6PT
4cuHygiGZuEeaAMTh6q8H6;3eqjTLE0HfPfh78zjh6TqT
4cuHygiGZuEeaAMTh6q8H6;423tr6Ouot1yk7Z0q9h6PT
2lGm0Lvm2a30SGElpHKeoG;3eqjTLE0HfPfh78zjh6TqT
2lGm0Lvm2a30SGElpHKeoG;423tr6Ouot1yk7Z0q9h6PT
5qR9xb6VuXZsAv1bd3oRgh;3eqjTLE0HfPfh78zjh6TqT
5qR9xb6VuXZsAv1bd3oRgh;423tr6Ouot1yk7Z0q9h6PT
2tFykPvhvN1AdUkeQQLCuV;3eqjTLE0HfPfh78zjh6TqT
7lJ8AcD7hEnTBLz1sixHey;3eqjTLE0HfPfh78zjh6TqT
0iknUVjF5tojBSTqC3pL0S;3eqjTLE0HfPfh78zjh6TqT
5ymKK4A0mInBFBKYJjRXTj;3eqjTLE0HfPfh78zjh6TqT
0dhsKLr6aJNpHTvsgRI2j5;3eqjTLE0HfPfh78zjh6TqT
0hdPw0RRNCFFnCuYxLS59D;3eqjTLE0HfPfh78zjh6TqT
1XobP3s3u53mtkls75CsUM;3eqjTLE0HfPfh78zjh6TqT
6iqlxdQjvNlAuUrHCgMau8;3eqjTLE0HfPfh78zjh6TqT
1HLbfFVLMVPphzckhhHdyi;3eqjTLE0HfPfh78zjh6TqT
40t9J3bHtmX6mOHjZTQe8N;3eqjTLE0HfPfh78zjh6TqT
6oYzuOipuYP9ZpOgWmVAKP;3eqjTLE0HfPfh78zjh6TqT
7An0G5kTdjJrhd9uh8kfdh;3eqjTLE0HfPfh78zjh6TqT
0YM8m2dJ9DKiUO6ZnGzYu6;3eqjTLE0HfPfh78zjh6TqT
6FKhpbg9wqiztNQp5q6Hxb;3eqjTLE0HfPfh78zjh6TqT
5OJSOpqtBwoexsDgGb61zo;3eqjTLE0HfPfh78zjh6TqT
2sy0R1slj9T7vDeq33C1Eg;3eqjTLE0HfPfh78zjh6TqT
4rXZ7zmDDk739IWHrLcVt1;3eqjTLE0HfPfh78zjh6TqT
1AHJ9o9ANGVX80oESbiViR;3eqjTLE0HfPfh78zjh6TqT
24sruCj3p7EjKUwUQmxC1U;3eqjTLE0HfPfh78zjh6TqT
5JN70TFrbjjHVJkKfSXlAn;3eqjTLE0HfPfh78zjh6TqT
4mai1CggFbdIpK8MEohA0K;3eqjTLE0HfPfh78zjh6TqT
5RqFC823JhgZjcX2p5pLC2;3eqjTLE0HfPfh78zjh6TqT
4t2L7UTfOcUBF4P8j2eA45;3eqjTLE0HfPfh78zjh6TqT
7dqmragLm9YMSqy4UCKO5P;3eqjTLE0HfPfh78zjh6TqT
1S0xoTJmQCIhbpj9c1ZphK;3eqjTLE0HfPfh78zjh6TqT
3DnGO6nNtrPOy8N2pKxk9F;3eqjTLE0HfPfh78zjh6TqT
5MIoOiIkw77j5OGDlDbM3v;3eqjTLE0HfPfh78zjh6TqT
62Vo9XI7EBbop77Wl4QoQ9;3eqjTLE0HfPfh78zjh6TqT
07fNOvllfYmjvQU76biksH;3eqjTLE0HfPfh78zjh6TqT
28Q9uWuoLNCl3e8fJADaL1;3eqjTLE0HfPfh78zjh6TqT
7BAgDWYAV5Ae7DtUnJi9xo;3eqjTLE0HfPfh78zjh6TqT
3uPImxAltF6FcSGIC3OPWq;3eqjTLE0HfPfh78zjh6TqT
20NMvQ7078gahRN511FACT;3eqjTLE0HfPfh78zjh6TqT
4rzaPfWO07Cs1PIyXecjB2;3eqjTLE0HfPfh78zjh6TqT
4YUSC63LMMUbaeLjcfT4Go;3eqjTLE0HfPfh78zjh6TqT
5xqK2CfiscQLAXpNxomQMz;3eqjTLE0HfPfh78zjh6TqT
1EosR6LgyX7C4kNDUsbqsg;3eqjTLE0HfPfh78zjh6TqT
0E5eM3bcpUhvaqVs0RwBB1;3eqjTLE0HfPfh78zjh6TqT
3AYzGpMFthLueizq9qvWOs;3eqjTLE0HfPfh78zjh6TqT
6PHPbZkJmYAoKyGKa2qAQW;3eqjTLE0HfPfh78zjh6TqT
3gkUwapKvvRpxkj7kiWark;3eqjTLE0HfPfh78zjh6TqT
73laP3hZ9Yipu73tkyQ3cE;3eqjTLE0HfPfh78zjh6TqT
5HkWcIkVoUKsMq1Qvqvg3H;3eqjTLE0HfPfh78zjh6TqT
2PlPegkfW8hx7HLfOlWrz2;3eqjTLE0HfPfh78zjh6TqT
5aFPkGyURyOpilNqIcmphC;3eqjTLE0HfPfh78zjh6TqT
71IqEhkA7JJ9Ti3NHeRjZT;3eqjTLE0HfPfh78zjh6TqT
0R9q3imnid244T1ty47MGs;3eqjTLE0HfPfh78zjh6TqT
4s4S5JJGfqXGlNY6eQZWQB;3eqjTLE0HfPfh78zjh6TqT
7vIyudiO2Tr9hZ2yzfwQmx;3eqjTLE0HfPfh78zjh6TqT
6gpkTvvmychrSmqTOlkdYf;3eqjTLE0HfPfh78zjh6TqT
5HqK6HOczMtdrnvYmDZgAI;3eqjTLE0HfPfh78zjh6TqT
4J3kArNud5C3B98dbCZXE4;3eqjTLE0HfPfh78zjh6TqT
2AyGYefMitcHfYGOtzsEWf;3eqjTLE0HfPfh78zjh6TqT
5YBWXntTBc5P0NWS9hClHG;3eqjTLE0HfPfh78zjh6TqT
42LXJi06Y5KXYAJCsZSPv1;3eqjTLE0HfPfh78zjh6TqT
33J7vGytLYoIAomYcZn8kl;3eqjTLE0HfPfh78zjh6TqT
0g0MBBxtDRy8Igs0AzSZR4;3eqjTLE0HfPfh78zjh6TqT
23zMvkiwXFOM7Y1bO954GA;3eqjTLE0HfPfh78zjh6TqT
2czBvzOv3TvnyoW7Ozo7fP;3eqjTLE0HfPfh78zjh6TqT
5aAfwNuKUeDuZd4wkUPlA2;3eqjTLE0HfPfh78zjh6TqT
5A2wRK7ch9tg6k5iibUsgT;3eqjTLE0HfPfh78zjh6TqT
5gyGC6yxOrsgDeXT1RbyB8;3eqjTLE0HfPfh78zjh6TqT
2CH5XYVNucZGLFageGKY4j;3eqjTLE0HfPfh78zjh6TqT
3DjCCPaL1Pz2lQf2ZnER5X;3eqjTLE0HfPfh78zjh6TqT
1H7VGH2n4xNqi1bu6TSkGk;3eqjTLE0HfPfh78zjh6TqT
2spI9rsadtH5OlgMWuWX8e;3eqjTLE0HfPfh78zjh6TqT
5NlQ1ZbINkFVX2vtDyFd2d;3eqjTLE0HfPfh78zjh6TqT
5tLEgFI1Ud3bl5wPktw7mt;3eqjTLE0HfPfh78zjh6TqT
2MyeqmDOYcGkGjwCQEYqvn;3eqjTLE0HfPfh78zjh6TqT
6fBaMrWPbIWEad5586YHQJ;3eqjTLE0HfPfh78zjh6TqT
4UkLtb37oAQ2upk6ZHaEPy;3eqjTLE0HfPfh78zjh6TqT
34v2XQhXpDBsBBvPEKYgQQ;3eqjTLE0HfPfh78zjh6TqT
39ubLATraO7fddNQ0W9lDA;3eqjTLE0HfPfh78zjh6TqT
7ozOQFAmwalQkeeolsyjRm;3eqjTLE0HfPfh78zjh6TqT
4UlBtmUq5yYHQwudisYKcH;3eqjTLE0HfPfh78zjh6TqT
1AUtxUq1VeSpNTCLEmAk5V;3eqjTLE0HfPfh78zjh6TqT
4kJ6ZBswtsro4egEc8XRqT;3eqjTLE0HfPfh78zjh6TqT
7lJw4d1UWVi6LHSbtZjD6g;3eqjTLE0HfPfh78zjh6TqT
3D7GBqWn62bZRiaCM0osf0;3eqjTLE0HfPfh78zjh6TqT
42ArmxaBZiLy6uPAJ8sXkE;3eqjTLE0HfPfh78zjh6TqT
6MjhFQORsv3ba7Yi9qKZqk;3eqjTLE0HfPfh78zjh6TqT
1Dn8PomeryqydNc83iZJES;3eqjTLE0HfPfh78zjh6TqT
3pSmYqHvK72aa672EQy0sv;3eqjTLE0HfPfh78zjh6TqT
1UWdVvkyBjhB9loaDKz1me;3eqjTLE0HfPfh78zjh6TqT
1NMzgjZ5eCpWWIvYkpVGKo;3eqjTLE0HfPfh78zjh6TqT
2rvMhhCjxas383ArMOKc0I;3eqjTLE0HfPfh78zjh6TqT
49apJFCXTCOhkIz3inP0O8;3eqjTLE0HfPfh78zjh6TqT
4Kel1dUsQKDGsj39cvgAcw;3eqjTLE0HfPfh78zjh6TqT
1RKEM5tENOIAVzIhU1puqs;3eqjTLE0HfPfh78zjh6TqT
1gy1tTEB4LgqoWUXa2tLBh;3eqjTLE0HfPfh78zjh6TqT
1qJUYVFcLOmyEjzPoML22x;3eqjTLE0HfPfh78zjh6TqT
2KwfjEW4MgGeAVHKswXE0J;3eqjTLE0HfPfh78zjh6TqT
0r6bUjsgns7R58MaoWclit;3eqjTLE0HfPfh78zjh6TqT
45KensjudN8EKeNVAfsUQZ;3eqjTLE0HfPfh78zjh6TqT
5aUwDoZEWsBzR6uRyM6be0;3eqjTLE0HfPfh78zjh6TqT
5sYzXgik1wg7cUHfFelMb3;3eqjTLE0HfPfh78zjh6TqT
2RBZGIbUUhLCR7UDlgYpFs;3eqjTLE0HfPfh78zjh6TqT
2vtUF6BGzCB9lMPcpbw4GA;3eqjTLE0HfPfh78zjh6TqT
2sSTLXoDoLbi8L7rDcjd6W;3eqjTLE0HfPfh78zjh6TqT
4J1Yv0tscTLkkz0T5Ie3d6;3eqjTLE0HfPfh78zjh6TqT
199lbnn0fmByL4mAH9bfY9;3eqjTLE0HfPfh78zjh6TqT
6XdcBXiqJIOiVCH8BWbMmH;3eqjTLE0HfPfh78zjh6TqT
4kImjIIiFrzD7E9H8QE2XC;3eqjTLE0HfPfh78zjh6TqT
3BPc57lkrBmnKpgmfF5S6L;3eqjTLE0HfPfh78zjh6TqT
1b7jM8mLxmJQDLXn4A6hos;3eqjTLE0HfPfh78zjh6TqT
713IwzDA0qSHZLNI2mkzzz;3eqjTLE0HfPfh78zjh6TqT
0PlcmNiyEnRHQFZ14KxS6c;3eqjTLE0HfPfh78zjh6TqT
0c1Hb0Tg7yA82LrHyBVmEl;3eqjTLE0HfPfh78zjh6TqT
41zIahDCFqHTdXvtLcHrLr;3eqjTLE0HfPfh78zjh6TqT
5vG4yrocD3WZBMsUvtKJJL;3eqjTLE0HfPfh78zjh6TqT
7vCdnd3OhjCcOOFWIqcBNZ;3eqjTLE0HfPfh78zjh6TqT
2N7gnpTs70dYGHz5F8gBPp;3eqjTLE0HfPfh78zjh6TqT
3BvDWzvGW2XKwWvyvePd35;3eqjTLE0HfPfh78zjh6TqT
3AASjUsk53jkjEToHF9zD0;3eqjTLE0HfPfh78zjh6TqT
2T5p7T63Jnu0eYYaNVpjG9;3eqjTLE0HfPfh78zjh6TqT
3ZufkKoXGPSRFQzkFnTbls;3eqjTLE0HfPfh78zjh6TqT
0nKNRuSHMpADxToif0IHh3;3eqjTLE0HfPfh78zjh6TqT
0J4Cm53So8iMPc02fIj31s;3eqjTLE0HfPfh78zjh6TqT
1jM6WWcr6q9WXcgtCmEZIh;3eqjTLE0HfPfh78zjh6TqT
66eN98NAddYEvGrah3Ut9S;3eqjTLE0HfPfh78zjh6TqT
0yvpBvhz7Xft2zJi8DfKEo;3eqjTLE0HfPfh78zjh6TqT
0ZmT7DQBIjKBDruahTLZzT;3eqjTLE0HfPfh78zjh6TqT
01tBpn6TR9LTG1xbwnXUOC;3eqjTLE0HfPfh78zjh6TqT
6OVpwWUoAxnw3wHahWY1Hm;3eqjTLE0HfPfh78zjh6TqT
35bGvmkMIQf6b48rOgguKJ;3eqjTLE0HfPfh78zjh6TqT
0Y8kROhHXpVgGzwzxfWiBs;3eqjTLE0HfPfh78zjh6TqT
6V3Y13ZSA1bH7YAbUo8Umc;3eqjTLE0HfPfh78zjh6TqT
5yEVDOUz9C6un2lyoKcSRA;3eqjTLE0HfPfh78zjh6TqT
5wjf8t841zjxZb3Jobcw5p;3eqjTLE0HfPfh78zjh6TqT
5JPbi8tVqfXvluElFmvOOG;3eqjTLE0HfPfh78zjh6TqT
4DT5ewYCLjhAVEqPMlSGKU;3eqjTLE0HfPfh78zjh6TqT
0y2DBEp460zmIdothHGaXJ;3eqjTLE0HfPfh78zjh6TqT
5sFz2Pvpu1barkrc4qRePf;3eqjTLE0HfPfh78zjh6TqT
2DVyJpS1BbrYNXlHU23o8I;3eqjTLE0HfPfh78zjh6TqT
7EAI7g1sOg4W3x1GeZ0y3p;3eqjTLE0HfPfh78zjh6TqT
2RSYXgNps0QUE12EuIUGHL;3eqjTLE0HfPfh78zjh6TqT
2OamVmtzJv63wz5YKeB1jP;3eqjTLE0HfPfh78zjh6TqT
7aNHlFEALD1GyiVpQsbtD0;3eqjTLE0HfPfh78zjh6TqT
5VJhCjNMfzxbsu4Z8x0Tmc;3eqjTLE0HfPfh78zjh6TqT
4b3FVdEci0ngvQ14dbcUky;3eqjTLE0HfPfh78zjh6TqT
5FmIW8aV00ckb9H1c3OBz6;3eqjTLE0HfPfh78zjh6TqT
5aDJnYESRuDPyiDRuv3PTs;3eqjTLE0HfPfh78zjh6TqT
4C2XA7HSJyii3qBNaVvWXh;3eqjTLE0HfPfh78zjh6TqT
4PqR2cOjFbpSI102g5PcCt;3eqjTLE0HfPfh78zjh6TqT
4THJ5Sv4W1kCyCpcMUxeI6;3eqjTLE0HfPfh78zjh6TqT
42apdfc9dMUDt6lj4ZqE0G;3eqjTLE0HfPfh78zjh6TqT
3zG1YiTu53KCt8W56psgs2;3eqjTLE0HfPfh78zjh6TqT
0V6QHamVjKckMQj8A1vLNw;3eqjTLE0HfPfh78zjh6TqT
1pk7mS3D6hRJsrzCDev9UY;3eqjTLE0HfPfh78zjh6TqT
34oYzILaNsdFPt48Yeb8aq;3eqjTLE0HfPfh78zjh6TqT
4pEueOLwLhEoc96uSzmoOa;3eqjTLE0HfPfh78zjh6TqT
4RaxnzmTN4bojbbEYtvXjk;3eqjTLE0HfPfh78zjh6TqT
4gupPromYvaSQaiawbtbgH;3eqjTLE0HfPfh78zjh6TqT
2mDcBH9aZ1tHHK8b33p1wL;3eqjTLE0HfPfh78zjh6TqT
4oiTnmTrJNDAsOPgEONYpA;3eqjTLE0HfPfh78zjh6TqT
39SaXjaiqahk7QASE2MrgI;3eqjTLE0HfPfh78zjh6TqT
