INSERT Spotify_Artist([ID], [Name], [Followers], [Popularity], [Image_Url]) VALUES(N'2QsynagSdAqZj3U9HgDzjD', N'Bob Marley & The Wailers', 8903607, 81, N'https://i.scdn.co/image/b5aae2067db80f694a980e596e7f49618c1206c9')
INSERT Spotify_Artist([ID], [Name], [Followers], [Popularity], [Image_Url]) VALUES(N'7aBzpmFXB4WWpPl2F7RjBe', N'Wyclef Jean', 230511, 71, N'https://i.scdn.co/image/ba6e9bbf813f0a877ff31c397ffeda1366522517')
INSERT Spotify_Artist([ID], [Name], [Followers], [Popularity], [Image_Url]) VALUES(N'1d6bpJp3mEcOPPuYJ79p59', N'Small World', 738, 29, N'https://i.scdn.co/image/ab67616d0000b273026cb49a4e1d29d7c3bb8be7')
INSERT Spotify_Artist([ID], [Name], [Followers], [Popularity], [Image_Url]) VALUES(N'58zHLr1IOAaAHCo0ZTd5v9', N'The Rock', 17326, 44, N'https://i.scdn.co/image/ab67616d0000b273a0db7276b5ca61becb855e00')
INSERT Spotify_Artist([ID], [Name], [Followers], [Popularity], [Image_Url]) VALUES(N'06FpQ15V33WjLiayEL3rNW', N'Melky Sedeck', 350, 24, N'https://i.scdn.co/image/4936f84dd1ccf6deb1e12ceb00b0197a4263e1d0')
INSERT Spotify_Artist([ID], [Name], [Followers], [Popularity], [Image_Url]) VALUES(N'1XkoF8ryArs86LZvFOkbyr', N'Mary J. Blige', 2492202, 73, N'https://i.scdn.co/image/571753934f6679837e4f74ffc597484204542145')
INSERT Spotify_Artist([ID], [Name], [Followers], [Popularity], [Image_Url]) VALUES(N'0iipvhlLLqKjg98Ef8D9AL', N'Supreme C', 18, 21, NULL)
INSERT Spotify_Artist([ID], [Name], [Followers], [Popularity], [Image_Url]) VALUES(N'2RLu4kdv42oSiL2cMWSSy7', N'Marie Antoinette', 82, 12, N'https://i.scdn.co/image/676bf7e559f35281898197aaa581a9982126057b')
INSERT Spotify_Artist([ID], [Name], [Followers], [Popularity], [Image_Url]) VALUES(N'4QTUTpSoTX3n9uMvuvyQsy', N'Hope', 2429, 24, N'https://i.scdn.co/image/ab67616d0000b2734fe9681c46723c5dca5f2aae')
INSERT Spotify_Artist([ID], [Name], [Followers], [Popularity], [Image_Url]) VALUES(N'4QQgXkCYTt3BlENzhyNETg', N'Earth, Wind & Fire', 2657085, 75, N'https://i.scdn.co/image/9fd0a9822140cce668ee15263e1f73730152dff0')
INSERT Spotify_Artist([ID], [Name], [Followers], [Popularity], [Image_Url]) VALUES(N'782IpIScTpnDhYb9hyxOu1', N'The Product G&B', 1639, 56, N'https://i.scdn.co/image/ab67616d0000b273fe8dd18fa9d5b288c5afbb46')
INSERT Spotify_Artist([ID], [Name], [Followers], [Popularity], [Image_Url]) VALUES(N'1Pr9gT0veB2tgcisQeIGoC', N'Beast', 381081, 53, N'https://i.scdn.co/image/85e60fc7f14c12920cf1c49d84abd558127b2496')
INSERT Spotify_Artist([ID], [Name], [Followers], [Popularity], [Image_Url]) VALUES(N'767SaUjzPi5AwUa1CLeHKL', N'718 Crew', 12, 16, NULL)
INSERT Spotify_Artist([ID], [Name], [Followers], [Popularity], [Image_Url]) VALUES(N'77zlytAFjPFjUKda8TNIDY', N'Youssou N''Dour', 106295, 56, N'https://i.scdn.co/image/ab6772690000c46cae6d13738a00418f31f22a9f')
INSERT Spotify_Artist([ID], [Name], [Followers], [Popularity], [Image_Url]) VALUES(N'6S9xiQkEnNm62eCnPm9Taw', N'Mb2', 21, 20, N'https://i.scdn.co/image/ab67616d0000b273b6b4f0dd38f3c58cccae068a')
INSERT Spotify_Artist([ID], [Name], [Followers], [Popularity], [Image_Url]) VALUES(N'1XTGADISSMRf8B4TcVGYUC', N'Ky-Mani Marley', 269807, 62, N'https://i.scdn.co/image/ab67616d0000b273b58d1f8c9b136617f6ade775')
INSERT Spotify_Artist([ID], [Name], [Followers], [Popularity], [Image_Url]) VALUES(N'6VEHSfeegQpnZm41sZNuA9', N'Louie Rankin', 1336, 34, N'https://i.scdn.co/image/ab67616d0000b273477e9746e29218545be8f091')
INSERT Spotify_Artist([ID], [Name], [Followers], [Popularity], [Image_Url]) VALUES(N'4pr7J7wzgObkE3DD3Izi7q', N'Young Buck', 656057, 63, N'https://i.scdn.co/image/897e8215aabe5527e4a3cddc3738a9ab55e5dc5c')
INSERT Spotify_Artist([ID], [Name], [Followers], [Popularity], [Image_Url]) VALUES(N'6Ik1taFAD3z8A9Rri0Okf5', N'Gail Gotti', 50, 15, NULL)
INSERT Spotify_Artist([ID], [Name], [Followers], [Popularity], [Image_Url]) VALUES(N'3gtaVMrNBTAFtlzYTeHNua', N'Tessanne Chin', 19401, 34, N'https://i.scdn.co/image/98b4b7c8dbcf30c8878adc69e7959d935c2f2b2b')
INSERT Spotify_Artist([ID], [Name], [Followers], [Popularity], [Image_Url]) VALUES(N'6lHL3ubAMgSasKjNqKb8HF', N'Mýa', 872889, 64, N'https://i.scdn.co/image/a21c8706e90fad2d43e8b9f550e655d2b0a9ebd8')
INSERT Spotify_Artist([ID], [Name], [Followers], [Popularity], [Image_Url]) VALUES(N'7dJklyv0Zyd7AHqUe46LrC', N'Maintain', 959, 32, N'https://i.scdn.co/image/ab67616d0000b27319bf55a3f7c4bdaaa4d4ddaa')
INSERT Spotify_Artist([ID], [Name], [Followers], [Popularity], [Image_Url]) VALUES(N'5eyMzR1hYiEZtN2c9ly2kw', N'Matisyahu', 579668, 61, N'https://i.scdn.co/image/c52d1a1c36ec24c5d403ebb2385a1b6a7f47bf58')
INSERT Spotify_Artist([ID], [Name], [Followers], [Popularity], [Image_Url]) VALUES(N'2ph6mRzG0lANVJRBTUIxI2', N'Macka B', 26960, 41, N'https://i.scdn.co/image/ab67616d0000b2735cd9b7325fde4efbf03d6508')
INSERT Spotify_Artist([ID], [Name], [Followers], [Popularity], [Image_Url]) VALUES(N'2WKdxPFRD7IqZvlIAvhMgY', N'Fugees', 851065, 69, N'https://i.scdn.co/image/dd757e1fca99ac0a3da9aa6c2969bc696cc672ce')
INSERT Spotify_Artist([ID], [Name], [Followers], [Popularity], [Image_Url]) VALUES(N'0rlS0SzVFk8BoiAW0fGBbN', N'Salaam Remi', 19017, 65, N'https://i.scdn.co/image/df7a63c573a60019bfc5b2965f8b45ede0edb5c3')
INSERT Spotify_Artist([ID], [Name], [Followers], [Popularity], [Image_Url]) VALUES(N'45lorWzrKLxfKlWpV7r9CN', N'Ben Harper', 771118, 65, N'https://i.scdn.co/image/ba542cbb3d5f77036541e4f3f94b5c6f07365f72')
INSERT Spotify_Artist([ID], [Name], [Followers], [Popularity], [Image_Url]) VALUES(N'0o0rlxlC3ApLWsxFkUjMXc', N'Ziggy Marley', 932697, 60, N'https://i.scdn.co/image/cee52d682c9c65f717b3e23a996d76c39c37a045')
INSERT Spotify_Artist([ID], [Name], [Followers], [Popularity], [Image_Url]) VALUES(N'0BEI7i5sgUuivcfwXLzFmM', N'Serj Tankian', 677649, 60, N'https://i.scdn.co/image/bffbb809620f4f71e056384cb2591de117cf2472')
INSERT Spotify_Artist([ID], [Name], [Followers], [Popularity], [Image_Url]) VALUES(N'72T7x96EAqN2UWvAgobYfv', N'Sizzla', 340122, 58, N'https://i.scdn.co/image/8e639cea46523dd1cd8dfb0700a27869cb72317d')
INSERT Spotify_Artist([ID], [Name], [Followers], [Popularity], [Image_Url]) VALUES(N'0z4gvV4rjIZ9wHck67ucSV', N'Akon', 2540614, 81, N'https://i.scdn.co/image/20745ad5adc438c4aec164ca3cc2e04ed3abcb99')
INSERT Spotify_Artist([ID], [Name], [Followers], [Popularity], [Image_Url]) VALUES(N'55Aa2cqylxrFIXC767Z865', N'Lil Wayne', 9844328, 89, N'https://i.scdn.co/image/df959d3993ded32689c465c1e6d0e96b612c1404')
INSERT Spotify_Artist([ID], [Name], [Followers], [Popularity], [Image_Url]) VALUES(N'1KlUwB6uFECMC3zzvFvykx', N'Niia', 36207, 50, N'https://i.scdn.co/image/52dc4109f8d1cd082bd67e2be700d5b578a5f1ab')
INSERT Spotify_Artist([ID], [Name], [Followers], [Popularity], [Image_Url]) VALUES(N'4OBJLual30L7gRl5UkeRcT', N'T.I.', 3538378, 78, N'https://i.scdn.co/image/eae4a88e33baad4b4ce4605aa074c45766e94d09')
INSERT Spotify_Artist([ID], [Name], [Followers], [Popularity], [Image_Url]) VALUES(N'0EmeFodog0BfCgMzAIvKQp', N'Shakira', 20270803, 84, N'https://i.scdn.co/image/93e6b100a00437a05f57aa66ce41208811296fc8')
INSERT Spotify_Artist([ID], [Name], [Followers], [Popularity], [Image_Url]) VALUES(N'2CvCyf1gEVhI0mX6aFXmVI', N'Paul Simon', 1478287, 72, N'https://i.scdn.co/image/c6d1d398bb24bfa534ed57920ab373995659a83b')
INSERT Spotify_Artist([ID], [Name], [Followers], [Popularity], [Image_Url]) VALUES(N'6vdMPayKk8YJxxeNP5oMCb', N'Chamillionaire', 554711, 62, N'https://i.scdn.co/image/9837f337431ea4a73bf699e24c4d588028bb0fce')
INSERT Spotify_Artist([ID], [Name], [Followers], [Popularity], [Image_Url]) VALUES(N'4tma2wxDchrifG8Pflic4Q', N'Aadesh Shrivastava', 18741, 40, N'https://i.scdn.co/image/ab67616d0000b2735a781cddf53875af527d2cc7')
INSERT Spotify_Artist([ID], [Name], [Followers], [Popularity], [Image_Url]) VALUES(N'2Kx7MNY7cI1ENniW7vT30N', N'Norah Jones', 2373332, 75, N'https://i.scdn.co/image/46bfe1f1a29e1b94f04ac9b31c17b57e76d001b2')
INSERT Spotify_Artist([ID], [Name], [Followers], [Popularity], [Image_Url]) VALUES(N'1nNADjkJmLkLPnDAzUV612', N'Melissa Jimenez', 225, 37, N'https://i.scdn.co/image/ab67616d0000b27321142c4c1fb54d7d6c1d8e10')
INSERT Spotify_Artist([ID], [Name], [Followers], [Popularity], [Image_Url]) VALUES(N'085pc2PYOi8bGKj0PNjekA', N'will.i.am', 3198498, 75, N'https://i.scdn.co/image/d9e6047498dc100048c4597be2aa1d20ebf6df40')
INSERT Spotify_Artist([ID], [Name], [Followers], [Popularity], [Image_Url]) VALUES(N'6wxP7SSzfvi21Cnl8JicdQ', N'Machel Montano', 97231, 56, N'https://i.scdn.co/image/d7c8b953a7f73dc85dd6d8d171c5e656c0fcb4ac')
INSERT Spotify_Artist([ID], [Name], [Followers], [Popularity], [Image_Url]) VALUES(N'2krrkKvM52JgvfGu2Uewbg', N'Daniela Mercury', 201874, 53, N'https://i.scdn.co/image/922c111c5ea773a7b842b6457ce5e0e9ca7dfad4')
INSERT Spotify_Artist([ID], [Name], [Followers], [Popularity], [Image_Url]) VALUES(N'4h9F4B1Fwa5WuSEJy1ene9', N'Black Alex', 212, 18, NULL)
INSERT Spotify_Artist([ID], [Name], [Followers], [Popularity], [Image_Url]) VALUES(N'6V5n3LkJ2sTG6PfvnSjRPe', N'Djakout Mizik', 8582, 27, N'https://i.scdn.co/image/ab67616d0000b273257f1ec7666bf0c3271848c1')
INSERT Spotify_Artist([ID], [Name], [Followers], [Popularity], [Image_Url]) VALUES(N'3fQb1jncmsPw6EuZGTuYHV', N'Lucina', 268, 24, N'https://i.scdn.co/image/ab67616d0000b2735a1ffe018a6e20d5756aad4c')
INSERT Spotify_Artist([ID], [Name], [Followers], [Popularity], [Image_Url]) VALUES(N'60OcSkDXUznixDpkykCnx1', N'Sun', 6525, 32, N'https://i.scdn.co/image/ab67616d0000b273a4810a5ba26c8ad06bc36527')
INSERT Spotify_Artist([ID], [Name], [Followers], [Popularity], [Image_Url]) VALUES(N'6NOvBZrkd83MSD51xkq4on', N'Elephant Man', 230035, 55, N'https://i.scdn.co/image/34d511cb4ddbf32bc882f904255d8d4cda721ecc')
INSERT Spotify_Artist([ID], [Name], [Followers], [Popularity], [Image_Url]) VALUES(N'6taesTUSevB9eK8bm5Y7b9', N'Tony Matterhorn', 55564, 42, N'https://i.scdn.co/image/d66478a90bddaf4c80f54b015f6dddb35a6af9fd')
INSERT Spotify_Artist([ID], [Name], [Followers], [Popularity], [Image_Url]) VALUES(N'74ASZWbe4lXaubB36ztrGX', N'Bob Dylan', 4688501, 76, N'https://i.scdn.co/image/ab6772690000c46cf79ca05dcc1581c712bf3658')
INSERT Spotify_Artist([ID], [Name], [Followers], [Popularity], [Image_Url]) VALUES(N'0fSuChlRe8ZYtVFYDoG87U', N'Dub Inc', 231021, 58, N'https://i.scdn.co/image/0cf98c910e2554839e3eaf5fb82719c17072150b')
INSERT Spotify_Artist([ID], [Name], [Followers], [Popularity], [Image_Url]) VALUES(N'3RhKSqhIE9U22yFEobw68e', N'Tiken Jah Fakoly', 119603, 51, N'https://i.scdn.co/image/8df73591589c25980bed01843d73cd1c5939b061')
INSERT Spotify_Artist([ID], [Name], [Followers], [Popularity], [Image_Url]) VALUES(N'0LyfQWJT6nXafLPZqxe9Of', N'Various Artists', 1055244, 0, N'https://i.scdn.co/image/8987540724d78afbf9f9249638eefcef38c0853b')
INSERT Spotify_Artist([ID], [Name], [Followers], [Popularity], [Image_Url]) VALUES(N'5RvFRZpYvnzsKpOZM9mkKj', N'Ian Arber', 133, 21, N'https://i.scdn.co/image/9eb0d54a211d82c3553e3376cd86b2da0d78db0b')
INSERT Spotify_Artist([ID], [Name], [Followers], [Popularity], [Image_Url]) VALUES(N'20qISvAhX20dpIbOOzGK3q', N'Nas', 2154972, 75, N'https://i.scdn.co/image/f730419a55fac73c1b59e29ccf06600a56b11b39')
INSERT Spotify_Artist([ID], [Name], [Followers], [Popularity], [Image_Url]) VALUES(N'3w2WYNyPCPkZFoC1EqfCMe', N'Nas & Damian "Jr. Gong" Marley', 90163, 51, N'https://i.scdn.co/image/ab67616d0000b2736464d88f4a4cc33bac40030f')
INSERT Spotify_Artist([ID], [Name], [Followers], [Popularity], [Image_Url]) VALUES(N'62DmErcU7dqZbJaDqwsqzR', N'Popcaan', 477271, 72, N'https://i.scdn.co/image/a610a43fcaf1e5c9a3375820884f61121d6b86ad')
INSERT Spotify_Artist([ID], [Name], [Followers], [Popularity], [Image_Url]) VALUES(N'3Isy6kedDrgPYoTS1dazA9', N'Sean Paul', 3230137, 80, N'https://i.scdn.co/image/e15025ccdfab6e62b9c2b391e4e5f44bac36a3db')
INSERT Spotify_Artist([ID], [Name], [Followers], [Popularity], [Image_Url]) VALUES(N'1a3wNO8RPhwmEBZqm68aqU', N'Chi Ching Ching', 8786, 32, N'https://i.scdn.co/image/ae1a693836cce2332f48620eb0b172ddd070f103')
INSERT Spotify_Artist([ID], [Name], [Followers], [Popularity], [Image_Url]) VALUES(N'738wLrAtLtCtFOLvQBXOXp', N'Major Lazer', 6107877, 80, N'https://i.scdn.co/image/093b23f613441e9b90070939795f3109386edbb4')
INSERT Spotify_Artist([ID], [Name], [Followers], [Popularity], [Image_Url]) VALUES(N'7LHLq2wayvWBPTwk6p9zZz', N'Chronixx', 3333, 43, N'https://i.scdn.co/image/ab67616d0000b2735b34392b512b4c31be224158')
INSERT Spotify_Artist([ID], [Name], [Followers], [Popularity], [Image_Url]) VALUES(N'09IFRWFGt3hqp8QmWt5iU9', N'Will Simms', 372, 29, N'https://i.scdn.co/image/29f4bac4ddfd626c54de4c0270165708528908cf')
INSERT Spotify_Artist([ID], [Name], [Followers], [Popularity], [Image_Url]) VALUES(N'7qPISKHhhKDLZTmYcX7bWd', N'Stylo G', 49873, 64, N'https://i.scdn.co/image/0eaa62aa1c17d2eef87e5b95827b510ac45e8056')
INSERT Spotify_Artist([ID], [Name], [Followers], [Popularity], [Image_Url]) VALUES(N'2NUz5P42WqkxilbI8ocN76', N'Vybz Kartel', 680911, 68, N'https://i.scdn.co/image/470fc1992a353d801faf9686c020ba6f32c4eacc')
INSERT Spotify_Artist([ID], [Name], [Followers], [Popularity], [Image_Url]) VALUES(N'3QJzdZJYIAcoET1GcfpNGi', N'Damian Marley', 1143573, 69, N'https://i.scdn.co/image/f05f2667aac2bbccd9bf8fcc658b647533257f16')
INSERT Spotify_Artist([ID], [Name], [Followers], [Popularity], [Image_Url]) VALUES(N'7yMruV2Y0a7ib9RLj9mLQQ', N'Kiko Bun', 16731, 56, N'https://i.scdn.co/image/dbeedc8e758ac26b5b2706e98b9b312303ad44ad')
INSERT Spotify_Artist([ID], [Name], [Followers], [Popularity], [Image_Url]) VALUES(N'1FcB6xMihhP9Hb6AdGVbWe', N'Desmond Dekker', 94950, 55, N'https://i.scdn.co/image/b5c04f2d01074b9349ea60b2d664e3156f7ace47')
INSERT Spotify_Artist([ID], [Name], [Followers], [Popularity], [Image_Url]) VALUES(N'6ZFv3wQwwWPiVDWhv0mjQK', N'Toots & The Maytals', 334713, 60, N'https://i.scdn.co/image/9ff4905c62ddfe34cb7078c21795145c7786781d')
INSERT Spotify_Artist([ID], [Name], [Followers], [Popularity], [Image_Url]) VALUES(N'0oea1hwGMfUxZbLxJc1XUN', N'Peter Tosh', 707918, 59, N'https://i.scdn.co/image/c935305719f26d05c9d9b51b5b838d5448b44a27')
INSERT Spotify_Artist([ID], [Name], [Followers], [Popularity], [Image_Url]) VALUES(N'6uSKeCyQEhvPC2NODgiqFE', N'The Wailers', 347168, 61, N'https://i.scdn.co/image/d869c47f379dc6fd47f133fc0db5ba71472ff08e')
INSERT Spotify_Artist([ID], [Name], [Followers], [Popularity], [Image_Url]) VALUES(N'0NkHMWEMQjdlpJUl0SvaSZ', N'Bracko', 179, 26, N'https://i.scdn.co/image/163c2c4c5a9288761480ebfe0fd8cf9b76521633')
INSERT Spotify_Artist([ID], [Name], [Followers], [Popularity], [Image_Url]) VALUES(N'2agS63WJ4omE4aFEPjkNQ5', N'Raven Hunter', 362, 26, N'https://i.scdn.co/image/656d055c53ad67d2ea115c8024bfdf08f494fd77')
INSERT Spotify_Artist([ID], [Name], [Followers], [Popularity], [Image_Url]) VALUES(N'5uocog8cIUnlVgSR6NME6C', N'Pharoah', 3403, 13, N'https://i.scdn.co/image/ab67616d0000b2730bdb8688779eb0ade83a08b6')
INSERT Spotify_Artist([ID], [Name], [Followers], [Popularity], [Image_Url]) VALUES(N'1sHd7YfrOWfEWWlaBn1CKe', N'Kreepy X', 10, 1, NULL)
INSERT Spotify_Artist([ID], [Name], [Followers], [Popularity], [Image_Url]) VALUES(N'0aAZlUavSOy3gV7DbK8SzB', N'Cutthroat', 1408, 27, N'https://i.scdn.co/image/ab67616d0000b273b2aa319ab0c7ea6bcd8aed0b')
INSERT Spotify_Artist([ID], [Name], [Followers], [Popularity], [Image_Url]) VALUES(N'7dGJo4pcD2V6oG8kP0tJRR', N'Eminem', 39876871, 92, N'https://i.scdn.co/image/56f4762485066b4ef867b96e16775f2b5b4db277')
INSERT Spotify_Artist([ID], [Name], [Followers], [Popularity], [Image_Url]) VALUES(N'7LvoDJUNGnOrPdGRzVtOJ9', N'Young M.A', 1062161, 68, N'https://i.scdn.co/image/ebc2576460cae07bcfb329e12739ffc50117231d')
INSERT Spotify_Artist([ID], [Name], [Followers], [Popularity], [Image_Url]) VALUES(N'6DVipHzYsPlIoA0DW8Gmns', N'Royce Da 5''9"', 533490, 67, N'https://i.scdn.co/image/811d6567cc46a6950269b41154b547e2578d4d10')
INSERT Spotify_Artist([ID], [Name], [Followers], [Popularity], [Image_Url]) VALUES(N'79KQgTCu4wV38ECYKn62DZ', N'White Gold', 890, 57, N'https://i.scdn.co/image/76525140efb4f0d4a9187567e0b084ad757efefd')
INSERT Spotify_Artist([ID], [Name], [Followers], [Popularity], [Image_Url]) VALUES(N'6eUKZXaKkcviH0Ku9w2n3V', N'Ed Sheeran', 73200314, 91, N'https://i.scdn.co/image/f55cab0739390cf3b2c2f773b9c779b2f0ae8a99')
INSERT Spotify_Artist([ID], [Name], [Followers], [Popularity], [Image_Url]) VALUES(N'4MCBfE4596Uoi2O4DtmEMz', N'Juice WRLD', 14029881, 97, N'https://i.scdn.co/image/d8e62447a338a882b490460da20e90aac6d60ae7')
INSERT Spotify_Artist([ID], [Name], [Followers], [Popularity], [Image_Url]) VALUES(N'4utLUGcTvOJFr6aqIJtYWV', N'Skylar Grey', 424039, 71, N'https://i.scdn.co/image/a8ed483429082a3ce8da63401a2fda7de1c8d23a')
INSERT Spotify_Artist([ID], [Name], [Followers], [Popularity], [Image_Url]) VALUES(N'6DJEUXZm0e2rAohdoZ5Voo', N'Black Thought', 122365, 62, N'https://i.scdn.co/image/4b2c9c43521efb5f2aaee26cd885d518924cf211')
INSERT Spotify_Artist([ID], [Name], [Followers], [Popularity], [Image_Url]) VALUES(N'3ZotbHeyVQKxQCPDJuQ4SU', N'Q-Tip', 427396, 65, N'https://i.scdn.co/image/de7804e485499fb93165fb84bb6d655232c561e2')
INSERT Spotify_Artist([ID], [Name], [Followers], [Popularity], [Image_Url]) VALUES(N'1WjexdTcXHgvlVIPCE8D1Q', N'Denaun', 168, 50, NULL)
INSERT Spotify_Artist([ID], [Name], [Followers], [Popularity], [Image_Url]) VALUES(N'3jK9MiCrA42lLAdMGUZpwa', N'Anderson .Paak', 1646349, 78, N'https://i.scdn.co/image/4f7b3e759d12f5c996f07b6b9d082ff35ced0031')
INSERT Spotify_Artist([ID], [Name], [Followers], [Popularity], [Image_Url]) VALUES(N'4Gso3d4CscCijv0lmajZWs', N'Don Toliver', 1105921, 87, N'https://i.scdn.co/image/2303addfefa7fa8702c8b9145e6b2902d1e4738b')
INSERT Spotify_Artist([ID], [Name], [Followers], [Popularity], [Image_Url]) VALUES(N'6fFfnKGVI6X3lkCr8Qw1g1', N'KXNG Crooked', 64514, 59, N'https://i.scdn.co/image/8f786d688c739cdf4319350e2cc9caed15cdf535')
INSERT Spotify_Artist([ID], [Name], [Followers], [Popularity], [Image_Url]) VALUES(N'1q13yHC6Syg5Y8iPLrRnCq', N'Joell Ortiz', 112736, 55, N'https://i.scdn.co/image/87fae71d6ca62a3821c1c37e42f9c62b317308f6')
INSERT Spotify_Artist([ID], [Name], [Followers], [Popularity], [Image_Url]) VALUES(N'6O2zJ0tId7g07yzHtX0yap', N'Mobb Deep', 1203794, 69, N'https://i.scdn.co/image/1d33cbed0798d07053b2773c9b46390d3fcfcfc9')
INSERT Spotify_Artist([ID], [Name], [Followers], [Popularity], [Image_Url]) VALUES(N'2yQf6b8hxahZaT5dHlWaB1', N'Raekwon', 400457, 64, N'https://i.scdn.co/image/03463cee551c78964f76b0067307fba60982129e')
INSERT Spotify_Artist([ID], [Name], [Followers], [Popularity], [Image_Url]) VALUES(N'4bwxkkA3AAwyymVwXjxz0F', N'Big Noyd', 28778, 48, N'https://i.scdn.co/image/c850df41953b11c813d14f4dee8657897566e872')
INSERT Spotify_Artist([ID], [Name], [Followers], [Popularity], [Image_Url]) VALUES(N'1MlPgLXb3K58qQLfg88lUZ', N'Crystal Johnson', 190, 43, N'https://i.scdn.co/image/ab67616d0000b27349745ad69bd92fdc491d6150')
INSERT Spotify_Artist([ID], [Name], [Followers], [Popularity], [Image_Url]) VALUES(N'6FD0unjzGQhX3b6eMccMJe', N'Ghostface Killah', 565807, 64, N'https://i.scdn.co/image/ee2180486a42e11b6a0dfafdba9e2dbb9297a9b3')
INSERT Spotify_Artist([ID], [Name], [Followers], [Popularity], [Image_Url]) VALUES(N'2Gp78IIBNqoiSUlPGP67P4', N'James Russo', 189, 0, NULL)
INSERT Spotify_Artist([ID], [Name], [Followers], [Popularity], [Image_Url]) VALUES(N'4iy3JrFlBLHPvXqN1OcQS1', N'Luis Bacalov', 18547, 49, N'https://i.scdn.co/image/a961ac3d889ed95dc1a43991819ba42622147824')
INSERT Spotify_Artist([ID], [Name], [Followers], [Popularity], [Image_Url]) VALUES(N'6eCgsu961ClH7K6NSsXaBh', N'Rocky Roberts', 2629, 39, N'https://i.scdn.co/image/ab67616d0000b273a986405f3c7e0a78eacb077a')
INSERT Spotify_Artist([ID], [Name], [Followers], [Popularity], [Image_Url]) VALUES(N'1nIUhcKHnK6iyumRyoV68C', N'Ennio Morricone', 710536, 69, N'https://i.scdn.co/image/188ad70938b86cefd8447545a16306483070447f')
INSERT Spotify_Artist([ID], [Name], [Followers], [Popularity], [Image_Url]) VALUES(N'17fHhGX3nSz4SHs37kzWUF', N'Christoph Waltz', 398, 35, NULL)
INSERT Spotify_Artist([ID], [Name], [Followers], [Popularity], [Image_Url]) VALUES(N'7LnaAXbDVIL75IVPnndf7w', N'Jamie Foxx', 737641, 68, N'https://i.scdn.co/image/a3823abbd476fa00cdf95a9f5cbbe09d2f96add2')
INSERT Spotify_Artist([ID], [Name], [Followers], [Popularity], [Image_Url]) VALUES(N'44oCA91Zsi73fzubIX6Sqh', N'Edda Dell''Orso', 1482, 45, N'https://i.scdn.co/image/ab67616d0000b273ae706a8f9494344a486b67af')
INSERT Spotify_Artist([ID], [Name], [Followers], [Popularity], [Image_Url]) VALUES(N'2DzRMyWgjuMbYvt5BLbpCo', N'Anthony Hamilton', 1072287, 63, N'https://i.scdn.co/image/fa3499bba4c9e3c7d93649582dc3c68dc974d198')
INSERT Spotify_Artist([ID], [Name], [Followers], [Popularity], [Image_Url]) VALUES(N'5wr3WZArcItaxXddR07nJv', N'Elayna Boynton', 3422, 45, N'https://i.scdn.co/image/ab67616d0000b2738798e9557191cc7bdc86dfff')
INSERT Spotify_Artist([ID], [Name], [Followers], [Popularity], [Image_Url]) VALUES(N'29gt8yNK2jFp21ZWXISskB', N'Don Johnson', 9309, 41, N'https://i.scdn.co/image/b9d231c113158f7030d33be90ca940ff159d14e4')
INSERT Spotify_Artist([ID], [Name], [Followers], [Popularity], [Image_Url]) VALUES(N'2zIfNAbfLTQNQuWDVcET48', N'Don Straud', 163, 16, NULL)
INSERT Spotify_Artist([ID], [Name], [Followers], [Popularity], [Image_Url]) VALUES(N'1R6Hx1tJ2VOUyodEpC12xM', N'Jim Croce', 753215, 65, N'https://i.scdn.co/image/9f9b40704e3361c93ea8a8b7a86a5d9ee755466e')
INSERT Spotify_Artist([ID], [Name], [Followers], [Popularity], [Image_Url]) VALUES(N'5D3YOC6ffqe2wDikuU9ljG', N'Riz Ortolani', 8190, 36, N'https://i.scdn.co/image/ab67616d0000b273e0bd9712ecd574d191b62374')
INSERT Spotify_Artist([ID], [Name], [Followers], [Popularity], [Image_Url]) VALUES(N'1sBkRIssrMs1AbVkOJbc7a', N'Rick Ross', 4426919, 81, N'https://i.scdn.co/image/83bb3369d1ae515bdee62238522a4f5da3544859')
INSERT Spotify_Artist([ID], [Name], [Followers], [Popularity], [Image_Url]) VALUES(N'7t8q7ikEtcPNtoaKAm9Vu6', N'Jerry Goldsmith', 62118, 53, N'https://i.scdn.co/image/58617532053465c8dd3725d0ebfde61edf2c6b03')
INSERT Spotify_Artist([ID], [Name], [Followers], [Popularity], [Image_Url]) VALUES(N'3t58jfUhoMLYVO14XaUFLA', N'Pat Metheny', 222906, 55, N'https://i.scdn.co/image/a66027f7fe7c7397c657bb30e402709ec91fbed0')
INSERT Spotify_Artist([ID], [Name], [Followers], [Popularity], [Image_Url]) VALUES(N'7gusMvSJRCggGZPV5SDN9K', N'Samuel L. Jackson', 5809, 37, N'https://i.scdn.co/image/ab67616d0000b2734cedca0491d5995a2ce556fe')
INSERT Spotify_Artist([ID], [Name], [Followers], [Popularity], [Image_Url]) VALUES(N'3QcZCLxloNabc3sGHPCh3V', N'Leonardo Dicaprio', 785, 10, NULL)
INSERT Spotify_Artist([ID], [Name], [Followers], [Popularity], [Image_Url]) VALUES(N'4OHjjyG5kNKmDDXeepRR4i', N'Elisa Toffoli', 1405, 20, NULL)
INSERT Spotify_Artist([ID], [Name], [Followers], [Popularity], [Image_Url]) VALUES(N'7GaxyUddsPok8BuhxN6OUW', N'James Brown', 1614895, 67, N'https://i.scdn.co/image/5b9eeb6ce3dcfe08218098a78565fbf214034a5e')
INSERT Spotify_Artist([ID], [Name], [Followers], [Popularity], [Image_Url]) VALUES(N'1ZwdS5xdxEREPySFridCfh', N'2Pac', 9481039, 81, N'https://i.scdn.co/image/fdb2382075f400ca2f2fbddaebb93add82ca8f32')
INSERT Spotify_Artist([ID], [Name], [Followers], [Popularity], [Image_Url]) VALUES(N'5y2Xq6xcjJb2jVM54GHK3t', N'John Legend', 5339026, 83, N'https://i.scdn.co/image/390a8ab0ae4f2d4cc5172e789d40a438b312a229')
INSERT Spotify_Artist([ID], [Name], [Followers], [Popularity], [Image_Url]) VALUES(N'62r8B0snN5IPw8SwCJTEXR', N'Brother Dege', 40590, 47, N'https://i.scdn.co/image/454f4e43554daced931a41456f35016d0c73a056')
INSERT Spotify_Artist([ID], [Name], [Followers], [Popularity], [Image_Url]) VALUES(N'01ZZG6ufI8B8oGWEYriu8i', N'Annibale E I Cantori Moderni', 1215, 40, NULL)
INSERT Spotify_Artist([ID], [Name], [Followers], [Popularity], [Image_Url]) VALUES(N'2mpeljBig2IXLXRAFO9AAs', N'Dido', 1085012, 71, N'https://i.scdn.co/image/c897f2261e8a434b0bf094e5ffc4305e109529a1')
INSERT Spotify_Artist([ID], [Name], [Followers], [Popularity], [Image_Url]) VALUES(N'1Oa0bMld0A3u5OTYfMzp5h', N'Nate Dogg', 942595, 77, N'https://i.scdn.co/image/fd5d1f379a33ee26e2dfaf296bbab0970ec95ede')
INSERT Spotify_Artist([ID], [Name], [Followers], [Popularity], [Image_Url]) VALUES(N'6DPYiyq5kWVQS4RGwxzPC7', N'Dr. Dre', 5296504, 80, N'https://i.scdn.co/image/83d2489cade1dadcdc533ddbcd74993d0ca6d4cb')
INSERT Spotify_Artist([ID], [Name], [Followers], [Popularity], [Image_Url]) VALUES(N'3PhoLpVuITZKcymswpck5b', N'Elton John', 6248279, 84, N'https://i.scdn.co/image/f50ae3e5cf3637c5f486b6205468c245644be36e')
INSERT Spotify_Artist([ID], [Name], [Followers], [Popularity], [Image_Url]) VALUES(N'5me0Irg2ANcsgc93uaYrpb', N'The Notorious B.I.G.', 5737360, 79, N'https://i.scdn.co/image/1b4858fbd24046a81cace5ee18d19c868262b91f')
INSERT Spotify_Artist([ID], [Name], [Followers], [Popularity], [Image_Url]) VALUES(N'5Qi4Bb7a8C0a00NZcA77L0', N'D12', 1624534, 66, N'https://i.scdn.co/image/462121abcc7994f6c677e4c7900a791a17feafee')
INSERT Spotify_Artist([ID], [Name], [Followers], [Popularity], [Image_Url]) VALUES(N'3nFkdlSjzX9mRTtwJOzDYB', N'JAY-Z', 5801845, 85, N'https://i.scdn.co/image/4912d27d6b01dd790313d8ef76586be6b100550f')
INSERT Spotify_Artist([ID], [Name], [Followers], [Popularity], [Image_Url]) VALUES(N'4tujQJicOnuZRLiBFdp3Ou', N'Xzibit', 1109431, 67, N'https://i.scdn.co/image/f17bd1b3b6e1b72962ad8b0d60190b5ab725ad7c')
INSERT Spotify_Artist([ID], [Name], [Followers], [Popularity], [Image_Url]) VALUES(N'0bqBpcIABLyrGD6e6llQ1S', N'Tray Dee', 1288, 42, NULL)
INSERT Spotify_Artist([ID], [Name], [Followers], [Popularity], [Image_Url]) VALUES(N'0OMJR0LjjKv21qNvICTgbi', N'Devin The Dude', 244527, 58, N'https://i.scdn.co/image/eea1ea8a759abb2045ee6b1628a1be88fefc7f76')
INSERT Spotify_Artist([ID], [Name], [Followers], [Popularity], [Image_Url]) VALUES(N'7hJcb9fa4alzcOq3EaNPoG', N'Snoop Dogg', 6418233, 84, N'https://i.scdn.co/image/11208d65843456cf3854717b8e411ef8fede7141')
INSERT Spotify_Artist([ID], [Name], [Followers], [Popularity], [Image_Url]) VALUES(N'3np2OYRZAgI4e6lxeGmGr8', N'Hittman', 19667, 60, N'https://i.scdn.co/image/7db7ccd2502b435ec12ac5a57d4a2fcdc5f4cb1e')
INSERT Spotify_Artist([ID], [Name], [Followers], [Popularity], [Image_Url]) VALUES(N'4xko5t5site4jVwopoCF21', N'Six-Two', 511, 56, NULL)
INSERT Spotify_Artist([ID], [Name], [Followers], [Popularity], [Image_Url]) VALUES(N'6NyJIFHAePjHR1pFxwisqz', N'Kurupt', 400263, 64, N'https://i.scdn.co/image/8d3e5e7bf70fe107b338556fcffbe575e9ac453c')
INSERT Spotify_Artist([ID], [Name], [Followers], [Popularity], [Image_Url]) VALUES(N'4qMaB9VyQElCxsYdP6Gj7D', N'Traci Nelson', 83, 35, NULL)
INSERT Spotify_Artist([ID], [Name], [Followers], [Popularity], [Image_Url]) VALUES(N'1MKz2ieT8BYrOWEs4OG8un', N'Ms. Roq', 585, 49, NULL)
INSERT Spotify_Artist([ID], [Name], [Followers], [Popularity], [Image_Url]) VALUES(N'6agfg4xMnwe2te96GmEUz4', N'Eddie Griffin', 21027, 41, N'https://i.scdn.co/image/a3291cdf3e741c92ab8155d8d9939aaf0be7f8eb')
INSERT Spotify_Artist([ID], [Name], [Followers], [Popularity], [Image_Url]) VALUES(N'6UPZ3ZW5UVLTz6y5Qsr2ny', N'Mel-Man', 249, 33, NULL)
INSERT Spotify_Artist([ID], [Name], [Followers], [Popularity], [Image_Url]) VALUES(N'4caxlE2wynXoHuUtVvYh3g', N'Charis Henry', 36, 32, NULL)
INSERT Spotify_Artist([ID], [Name], [Followers], [Popularity], [Image_Url]) VALUES(N'24PJqH46WhB0pUB7NlsFna', N'Knoc-Turn''al', 10135, 53, N'https://i.scdn.co/image/ab67616d0000b2737146ff1edc9d2b755a34401b')
INSERT Spotify_Artist([ID], [Name], [Followers], [Popularity], [Image_Url]) VALUES(N'19xtMz9MNZTPjXBzKPFcFD', N'Time Bomb', 33, 0, NULL)
INSERT Spotify_Artist([ID], [Name], [Followers], [Popularity], [Image_Url]) VALUES(N'6LnCMlaEK0IMkLmZsawkUm', N'Koka Kambon', 51, 37, NULL)
INSERT Spotify_Artist([ID], [Name], [Followers], [Popularity], [Image_Url]) VALUES(N'5q86w7iZXn16bGAAXbyRrD', N'Defari', 125, 21, NULL)
INSERT Spotify_Artist([ID], [Name], [Followers], [Popularity], [Image_Url]) VALUES(N'4fbyGOEjViyE97W58eGEgU', N'MC Ren', 254142, 54, N'https://i.scdn.co/image/99ac7332ccca59802ce51d9b1016a1ddc9098474')
INSERT Spotify_Artist([ID], [Name], [Followers], [Popularity], [Image_Url]) VALUES(N'7k9nnnyyJm4CORBhWGoGNl', N'Jake Steed', 164, 29, NULL)
INSERT Spotify_Artist([ID], [Name], [Followers], [Popularity], [Image_Url]) VALUES(N'1e6qS5wkNPTSaYfds8G150', N'Thomas Chong', 1043, 1, NULL)
INSERT Spotify_Artist([ID], [Name], [Followers], [Popularity], [Image_Url]) VALUES(N'0EOoSsmM3oV2aoGL3Od3E3', N'Rell', 1145, 49, N'https://i.scdn.co/image/9279f9e65e16a99255171be155128ce27f27bcfb')
INSERT Spotify_Artist([ID], [Name], [Followers], [Popularity], [Image_Url]) VALUES(N'2XnnxQzxFZG8qEPjakokPM', N'Obie Trice', 554459, 60, N'https://i.scdn.co/image/13998fd88695a34cec8350675cb3ceffa4573ae3')
INSERT Spotify_Artist([ID], [Name], [Followers], [Popularity], [Image_Url]) VALUES(N'6Oesi698iJRUaBeT82zckf', N'Stat Quo', 60262, 46, N'https://i.scdn.co/image/ab67616d0000b27375ac65cdc62f9cf28d421b2b')
INSERT Spotify_Artist([ID], [Name], [Followers], [Popularity], [Image_Url]) VALUES(N'0adMhStQvE8H1B0IS45CJX', N'Bobby Creekwater', 14963, 43, N'https://i.scdn.co/image/9a2e2a3c6f86764a27ddb375a697213f0758147f')
INSERT Spotify_Artist([ID], [Name], [Followers], [Popularity], [Image_Url]) VALUES(N'3PDMMt0Ip2WHysoAOEAdBq', N'Ca$his', 54188, 54, N'https://i.scdn.co/image/e2ab984d7eb3180841b1f0ecf1c4e494d95f6bee')
INSERT Spotify_Artist([ID], [Name], [Followers], [Popularity], [Image_Url]) VALUES(N'2TSvMFHlguDI495vujOAys', N'Bizarre', 111140, 45, N'https://i.scdn.co/image/c545d5705da72ad9d27595ab62e9cd6d1a7d9e8c')
INSERT Spotify_Artist([ID], [Name], [Followers], [Popularity], [Image_Url]) VALUES(N'546HEvI7r0RIJn6QgrTLEm', N'Kuniva', 31545, 35, N'https://i.scdn.co/image/ab67616d0000b273ba9970a288ccf7eb4f3dd397')
INSERT Spotify_Artist([ID], [Name], [Followers], [Popularity], [Image_Url]) VALUES(N'3q7HBObVc0L8jNeTe5Gofh', N'50 Cent', 6559459, 84, N'https://i.scdn.co/image/dd031b9c5d1b6eba4a691cd89c954255aae787f2')
INSERT Spotify_Artist([ID], [Name], [Followers], [Popularity], [Image_Url]) VALUES(N'3vDUJHQtqT3jFRZ2ECXDTi', N'Lloyd Banks', 821162, 64, N'https://i.scdn.co/image/bddfaa525577e34cbb05993dee547af166266929')
INSERT Spotify_Artist([ID], [Name], [Followers], [Popularity], [Image_Url]) VALUES(N'1W7G3vXPeISR3Oi9ggVfyE', N'Proof', 116161, 35, N'https://i.scdn.co/image/ab67616d0000b273348434d5a35f335ad18180bc')
INSERT Spotify_Artist([ID], [Name], [Followers], [Popularity], [Image_Url]) VALUES(N'1rKtdSLEWRyGiOF4knk8vU', N'Swifty McVay', 20848, 33, N'https://i.scdn.co/image/ab67616d0000b27359525bfaa9a954a7e406fa0a')
INSERT Spotify_Artist([ID], [Name], [Followers], [Popularity], [Image_Url]) VALUES(N'4NhyK1Uoo8ScQOSl8x0jqI', N'Denaun', 4615, 33, N'https://i.scdn.co/image/08fa08e7f1acb0f873a2b200e813d0d2221145f2')
INSERT Spotify_Artist([ID], [Name], [Followers], [Popularity], [Image_Url]) VALUES(N'3PhL2Vdao2v8SS8AptuhAr', N'James Horner', 230360, 69, N'https://i.scdn.co/image/cf3b34dae12d2d8147b8c2b39387047778d587e3')
INSERT Spotify_Artist([ID], [Name], [Followers], [Popularity], [Image_Url]) VALUES(N'4yiQZ8tQPux8cPriYMWUFP', N'Gwen Stefani', 4318421, 78, N'https://i.scdn.co/image/6426648fd25185ccaa55241fb04132d578964568')
INSERT Spotify_Artist([ID], [Name], [Followers], [Popularity], [Image_Url]) VALUES(N'70eNABm9r2VXOGYW4r209H', N'Rob Bailey & The Hustle Standard', 140125, 60, N'https://i.scdn.co/image/49c27f64874f4dec387208f74e9e0f62829b2f54')
INSERT Spotify_Artist([ID], [Name], [Followers], [Popularity], [Image_Url]) VALUES(N'1YfEcTuGvBQ8xSD1f53UnK', N'Busta Rhymes', 1652010, 76, N'https://i.scdn.co/image/13bc02915362fad8a5eee4ec32cc29a6da2dc16b')
INSERT Spotify_Artist([ID], [Name], [Followers], [Popularity], [Image_Url]) VALUES(N'6UBA15slIuadJ8h2lPRPos', N'Tech N9ne', 1826768, 74, N'https://i.scdn.co/image/51f88e794401a338e9df945883c3c6a081451a63')
INSERT Spotify_Artist([ID], [Name], [Followers], [Popularity], [Image_Url]) VALUES(N'7BMccF0hQFBpP6417k1OtQ', N'Action Bronson', 599667, 65, N'https://i.scdn.co/image/6cb50ec40581d7cc79fa4763c7f475a966c3ad97')
INSERT Spotify_Artist([ID], [Name], [Followers], [Popularity], [Image_Url]) VALUES(N'2P5sC9cVZDToPxyomzF1UH', N'Joey Bada$$', 1975224, 74, N'https://i.scdn.co/image/e89a01b5b592893357538b16390807f90e6cbf32')
INSERT Spotify_Artist([ID], [Name], [Followers], [Popularity], [Image_Url]) VALUES(N'2GEcMpeGIad5O23WxDRFMn', N'Rico Love', 103905, 47, N'https://i.scdn.co/image/be9676e559e4d0542ab55c0c84f49995a68446a4')
INSERT Spotify_Artist([ID], [Name], [Followers], [Popularity], [Image_Url]) VALUES(N'77IURH5NC56Jn09QHi76is', N'Bad Meets Evil', 1110361, 63, N'https://i.scdn.co/image/570d46c60960d93990710d83a5f8012217eb7aec')
INSERT Spotify_Artist([ID], [Name], [Followers], [Popularity], [Image_Url]) VALUES(N'5rVbcJv0JRfhWLA3mgM73r', N'Slaughterhouse', 276027, 49, N'https://i.scdn.co/image/8270cc4ec8fe7169c2080ca1916449797e0bfd09')
INSERT Spotify_Artist([ID], [Name], [Followers], [Popularity], [Image_Url]) VALUES(N'1Xyo4u8uXC1ZmMpatF05PJ', N'The Weeknd', 26604982, 94, N'https://i.scdn.co/image/d9a875c37277c35b94c60c00d2cd256db098505d')
INSERT Spotify_Artist([ID], [Name], [Followers], [Popularity], [Image_Url]) VALUES(N'4ypEjUTTCcPB0dgjQBQyf5', N'PRhyme', 43508, 40, N'https://i.scdn.co/image/5275096a8b6e69147aa93af5524e213cde2bf16e')
INSERT Spotify_Artist([ID], [Name], [Followers], [Popularity], [Image_Url]) VALUES(N'4xRYI6VqpkE3UwrDrAZL8L', N'Logic', 5072904, 82, N'https://i.scdn.co/image/efa0b73c2cdaf40b1767b4b1e1254b1cfc5b51db')
INSERT Spotify_Artist([ID], [Name], [Followers], [Popularity], [Image_Url]) VALUES(N'1RyvyyTE3xzB2ZywiAwp0i', N'Future', 9602493, 91, N'https://i.scdn.co/image/f29832dafb705339f45275679d1e9ba76cf6aec1')
INSERT Spotify_Artist([ID], [Name], [Followers], [Popularity], [Image_Url]) VALUES(N'2wIVse2owClT7go1WT98tk', N'Missy Elliott', 1497549, 74, N'https://i.scdn.co/image/ccbbf5f1d3023fd27ddbb84872853148f12e5687')
INSERT Spotify_Artist([ID], [Name], [Followers], [Popularity], [Image_Url]) VALUES(N'1G9G7WwrXka3Z1r7aIDjI7', N'OutKast', 1517195, 76, N'https://i.scdn.co/image/b75549797c6fe7d45a9f8c95aa0cfbd91ff582b4')
INSERT Spotify_Artist([ID], [Name], [Followers], [Popularity], [Image_Url]) VALUES(N'4EnEZVjo3w1cwcQYePccay', N'N.W.A.', 3195380, 67, N'https://i.scdn.co/image/4f36d3f900eaf8381b0d3f5febe0e5bf8c94dbea')
INSERT Spotify_Artist([ID], [Name], [Followers], [Popularity], [Image_Url]) VALUES(N'2P3cjUru4H3fhSXXNxE9kA', N'Blackstreet', 526173, 64, N'https://i.scdn.co/image/ebdd0e14de94e94534b91a91cdeae9ba3491dfbd')
INSERT Spotify_Artist([ID], [Name], [Followers], [Popularity], [Image_Url]) VALUES(N'3z3g65U7mmyyBmmDfsQK9x', N'Luniz', 170029, 61, N'https://i.scdn.co/image/ab67616d0000b273c1ea4aac1ad07a38c59dd30c')
INSERT Spotify_Artist([ID], [Name], [Followers], [Popularity], [Image_Url]) VALUES(N'2FT75iYuWmycqYrXbVD9cn', N'Michael Marshall', 2514, 61, N'https://i.scdn.co/image/176ed9d782eaaa6c5081c66135c16c19234ac321')
INSERT Spotify_Artist([ID], [Name], [Followers], [Popularity], [Image_Url]) VALUES(N'09hVIj6vWgoCDtT03h8ZCa', N'A Tribe Called Quest', 1341021, 69, N'https://i.scdn.co/image/6f987ab74c72f0c50b19b05ea775bc4033c57706')
INSERT Spotify_Artist([ID], [Name], [Followers], [Popularity], [Image_Url]) VALUES(N'5rkVyNGXEgeUqKkB5ccK83', N'Ashanti', 1960293, 72, N'https://i.scdn.co/image/bfda2b2f6f65c842f87f44a07f64667ac86f45f6')
INSERT Spotify_Artist([ID], [Name], [Followers], [Popularity], [Image_Url]) VALUES(N'2B4ZHz4QDWJTXPFPgO5peE', N'Warren G', 1375449, 67, N'https://i.scdn.co/image/b4e391e4baf471b23cbb34ca6a7fdfb972f01177')
INSERT Spotify_Artist([ID], [Name], [Followers], [Popularity], [Image_Url]) VALUES(N'0urTpYCsixqZwgNTkPJOJ4', N'Aaliyah', 2389306, 62, N'https://i.scdn.co/image/341693fbd0b8ed0e8ae042713598e2c9ea4870dc')
INSERT Spotify_Artist([ID], [Name], [Followers], [Popularity], [Image_Url]) VALUES(N'1J2VVASYAamtQ3Bt8wGgA6', N'Ja Rule', 1115942, 71, N'https://i.scdn.co/image/e1b060211552b23c964a0cedd2536d806bcd8511')
INSERT Spotify_Artist([ID], [Name], [Followers], [Popularity], [Image_Url]) VALUES(N'1yxSLGMDHlW21z4YXirZDS', N'Black Eyed Peas', 5033654, 83, N'https://i.scdn.co/image/b7c5c94dc9fbdcb3671b10c735b13a7a5b82a816')
INSERT Spotify_Artist([ID], [Name], [Followers], [Popularity], [Image_Url]) VALUES(N'4d3yvTptO48nOYTPBcPFZC', N'Eve', 792436, 67, N'https://i.scdn.co/image/8d176bb912f0b30db3f2a1c5ff7c06903963b9bc')
INSERT Spotify_Artist([ID], [Name], [Followers], [Popularity], [Image_Url]) VALUES(N'5Y8EphH8Vdqu5SLj6K5vjj', N'Tone-Loc', 162107, 49, N'https://i.scdn.co/image/da10ff1a63f5dc12b04649404c63aef6a83511c9')
INSERT Spotify_Artist([ID], [Name], [Followers], [Popularity], [Image_Url]) VALUES(N'1P8IfcNKwrkQP5xJWuhaOC', N'LL Cool J', 1021698, 65, N'https://i.scdn.co/image/77705115296b3f2b788c4fe37bfacea73d9b7370')
INSERT Spotify_Artist([ID], [Name], [Followers], [Popularity], [Image_Url]) VALUES(N'0TImkz4nPqjegtVSMZnMRq', N'TLC', 2387823, 70, N'https://i.scdn.co/image/0a92641cc8acb39e4aee7e959cb2a42287ea4801')
INSERT Spotify_Artist([ID], [Name], [Followers], [Popularity], [Image_Url]) VALUES(N'1JfnADNz5yYEq3hrzlZHLk', N'Grandmaster Flash', 192045, 47, N'https://i.scdn.co/image/0851b6dd833db075d3d832be1a33434292c5f629')
INSERT Spotify_Artist([ID], [Name], [Followers], [Popularity], [Image_Url]) VALUES(N'0AWhixY9hX7LEPyPMjh4O0', N'Grandmaster Melle Mel', 39727, 55, N'https://i.scdn.co/image/bb35af19170d2e0cffc2863712e69e179053a509')
INSERT Spotify_Artist([ID], [Name], [Followers], [Popularity], [Image_Url]) VALUES(N'03r4iKL2g2442PT9n2UKsx', N'Beastie Boys', 1799245, 70, N'https://i.scdn.co/image/705bcd56dc5dbf9ebc578a3ba8094e6d622862c2')
INSERT Spotify_Artist([ID], [Name], [Followers], [Popularity], [Image_Url]) VALUES(N'0AuW7OCyKfFrsMbtHrYgIV', N'House Of Pain', 387030, 60, N'https://i.scdn.co/image/8a7bfc19ffcd5384221a81b3394c8b0c4959feaa')
INSERT Spotify_Artist([ID], [Name], [Followers], [Popularity], [Image_Url]) VALUES(N'4P0dddbxPil35MNN9G2MEX', N'Cypress Hill', 1277871, 69, N'https://i.scdn.co/image/4fb4bea3637f5afd66dcdbb6caf48e0ceae45de6')
INSERT Spotify_Artist([ID], [Name], [Followers], [Popularity], [Image_Url]) VALUES(N'6Mo9PoU6svvhgEum7wh2Nd', N'Public Enemy', 679815, 60, N'https://i.scdn.co/image/509b901c47d0c49be791c02993866879d93f23b0')
INSERT Spotify_Artist([ID], [Name], [Followers], [Popularity], [Image_Url]) VALUES(N'4WlSvDKaq1PA2Nr7cCIPxX', N'Stephen Stills', 184681, 53, N'https://i.scdn.co/image/59ec2f95859d4f6f46128f7a35009d26e36428cd')
INSERT Spotify_Artist([ID], [Name], [Followers], [Popularity], [Image_Url]) VALUES(N'7zliF6Q946WznVk3ZMYhZX', N'The Sugarhill Gang', 216637, 55, N'https://i.scdn.co/image/84503403de5be5f9805fca3e31535d65a4087ae8')
INSERT Spotify_Artist([ID], [Name], [Followers], [Popularity], [Image_Url]) VALUES(N'4Otx4bRLSfpah5kX8hdgDC', N'Naughty By Nature', 673608, 60, N'https://i.scdn.co/image/8e6cfc4fc96ec5feb0e5c8ae22bf1ed28daf133d')
INSERT Spotify_Artist([ID], [Name], [Followers], [Popularity], [Image_Url]) VALUES(N'7xTKLpo7UCzXSnlH7fOIoM', N'Redman', 722683, 67, N'https://i.scdn.co/image/0b05a9d1bfb856e3c55ae64cf004dfad6d338be2')
INSERT Spotify_Artist([ID], [Name], [Followers], [Popularity], [Image_Url]) VALUES(N'1SWGyp2nxNSyQkRX1eqoUp', N'DJ Kool', 23941, 45, N'https://i.scdn.co/image/ab67616d0000b27374cacf1617408f745cad3ca1')
INSERT Spotify_Artist([ID], [Name], [Followers], [Popularity], [Image_Url]) VALUES(N'1HwM5zlC5qNWhJtM00yXzG', N'DMX', 2261660, 72, N'https://i.scdn.co/image/a164c44d2c4260d5c17df105601d0e9bb76f2ef2')
INSERT Spotify_Artist([ID], [Name], [Followers], [Popularity], [Image_Url]) VALUES(N'3JxCEqL9zjKnDJgUhRuRJD', N'Neneh Cherry', 113137, 56, N'https://i.scdn.co/image/1e46b06f6a77b7b8f334f89b9c50bc48f46745cd')
INSERT Spotify_Artist([ID], [Name], [Followers], [Popularity], [Image_Url]) VALUES(N'7wqtxqI3eo7Gn1P7SpP6cQ', N'Salt-N-Pepa', 495392, 62, N'https://i.scdn.co/image/6ff07d51815e67b11f8c2e4a4bebc2b6b3bbe7eb')
INSERT Spotify_Artist([ID], [Name], [Followers], [Popularity], [Image_Url]) VALUES(N'5hQCwevTf03u1rECrRMeop', N'Grandmaster Flash & The Furious Five', 84451, 48, N'https://i.scdn.co/image/f884587e168f6975d41975795402ae0793794d43')
INSERT Spotify_Artist([ID], [Name], [Followers], [Popularity], [Image_Url]) VALUES(N'3Mcii5XWf6E0lrY3Uky4cA', N'Ice Cube', 4044613, 74, N'https://i.scdn.co/image/8ed73361f9c205b88c4d092b2f628576e2c719c8')
INSERT Spotify_Artist([ID], [Name], [Followers], [Popularity], [Image_Url]) VALUES(N'3ipn9JLAPI5GUEo4y4jcoi', N'Ludacris', 1978377, 78, N'https://i.scdn.co/image/adcc1cb654e89f2e404688ae0d1bbc942ce02e5d')
INSERT Spotify_Artist([ID], [Name], [Followers], [Popularity], [Image_Url]) VALUES(N'4gpDA7R5796e6zbvZxGNga', N'Shawnna', 79651, 53, N'https://i.scdn.co/image/57d356043734e04ddfec4742fad549796323c56a')
INSERT Spotify_Artist([ID], [Name], [Followers], [Popularity], [Image_Url]) VALUES(N'55Pp4Ns5VfTSFsBraW7MQy', N'Skee-Lo', 42762, 53, N'https://i.scdn.co/image/9848aa1875abc2a329e74363892ad1e86e722d20')
INSERT Spotify_Artist([ID], [Name], [Followers], [Popularity], [Image_Url]) VALUES(N'3CQIn7N5CuRDP8wEI7FiDA', N'Run–D.M.C.', 858309, 67, N'https://i.scdn.co/image/1bf54468fa9c772af8f514a20a99631fd35b2dbc')
INSERT Spotify_Artist([ID], [Name], [Followers], [Popularity], [Image_Url]) VALUES(N'2gBjLmx6zQnFGQJCAQpRgw', N'Nelly', 1659557, 77, N'https://i.scdn.co/image/3677690af58abb70a5c5fd58d69db4d1ad705d4f')
INSERT Spotify_Artist([ID], [Name], [Followers], [Popularity], [Image_Url]) VALUES(N'2RdwBSPQiwcmiDo9kixcl8', N'Pharrell Williams', 3355408, 80, N'https://i.scdn.co/image/555bf2119822c212ebf8cbe12b2a9fbff964a2e7')
INSERT Spotify_Artist([ID], [Name], [Followers], [Popularity], [Image_Url]) VALUES(N'5YBSzuCs7WaFKNr7Bky0Uf', N'Olivia', 15534, 65, N'https://i.scdn.co/image/89d83c57e6249efcc6897807794d92c8ae1a9600')
INSERT Spotify_Artist([ID], [Name], [Followers], [Popularity], [Image_Url]) VALUES(N'34EP7KEpOjXcM2TCat1ISk', N'Wu-Tang Clan', 1881201, 70, N'https://i.scdn.co/image/c4014e4323f08d1a32d63c69f15230ad69a8099d')
INSERT Spotify_Artist([ID], [Name], [Followers], [Popularity], [Image_Url]) VALUES(N'1mG23iQeR29Ojhq89D5gbh', N'DJ Jazzy Jeff & The Fresh Prince', 247730, 57, N'https://i.scdn.co/image/3194246bd54b76c376e2be5a21a61dd7b93aeeb9')
INSERT Spotify_Artist([ID], [Name], [Followers], [Popularity], [Image_Url]) VALUES(N'4GMgdB3vwbBOc42hbXEi9p', N'N.O.R.E.', 245852, 57, N'https://i.scdn.co/image/8e021e4d1250c9df62f014d576f687575745469e')
INSERT Spotify_Artist([ID], [Name], [Followers], [Popularity], [Image_Url]) VALUES(N'5jNmxPYz8QE5rYp4GDil8t', N'Dina Rae', 1310, 57, N'https://i.scdn.co/image/26486d0d14aed2eaf97c828b603d1e13723ff2e5')
INSERT Spotify_Artist([ID], [Name], [Followers], [Popularity], [Image_Url]) VALUES(N'4BmYRs3xOI8V1WCPDfxhQo', N'Hailie Jade', 4843, 46, NULL)
INSERT Spotify_Artist([ID], [Name], [Followers], [Popularity], [Image_Url]) VALUES(N'1KInmguUcTXLB1cjUPlKAr', N'The Time Bomb', 268, 37, N'https://i.scdn.co/image/ab67616d0000b273e9951ee0bf54ca1dadae5bc4')
INSERT Spotify_Artist([ID], [Name], [Followers], [Popularity], [Image_Url]) VALUES(N'0OKCuosIAUo21nLAI2WMRB', N'DEFARI', 7185, 39, N'https://i.scdn.co/image/caffd2dddb137e397ba078472f49846692f1aa6e')
INSERT Spotify_Artist([ID], [Name], [Followers], [Popularity], [Image_Url]) VALUES(N'7pFeBzX627ff0VnN6bxPR4', N'Desiigner', 3082876, 69, N'https://i.scdn.co/image/e285c8f623c9a7c18bb523f1415b007f132792d1')
INSERT Spotify_Artist([ID], [Name], [Followers], [Popularity], [Image_Url]) VALUES(N'0jp7T6MSlWPwJvNs5tz2lB', N'Mekado', 500, 20, N'https://i.scdn.co/image/3a808ce2e20a928280e5109cc8882b852b7a6d30')
INSERT Spotify_Artist([ID], [Name], [Followers], [Popularity], [Image_Url]) VALUES(N'0ONHkAv9pCAFxb0zJwDNTy', N'Pusha T', 1837438, 72, N'https://i.scdn.co/image/9af694963c6fea22c1f1ec23771b9c39fd13c281')
INSERT Spotify_Artist([ID], [Name], [Followers], [Popularity], [Image_Url]) VALUES(N'1fcNR8ivvoDIWXryn7JPMz', N'Kingsavage', 154, 29, N'https://i.scdn.co/image/ab67616d0000b273e2f9f416dec88b35f37217cf')
INSERT Spotify_Artist([ID], [Name], [Followers], [Popularity], [Image_Url]) VALUES(N'2gINJ8xw86xawPyGvx1bla', N'KRS-One', 420953, 57, N'https://i.scdn.co/image/223618117b06176ba9ccc49ed9c3cbf0a07e9fa8')
INSERT Spotify_Artist([ID], [Name], [Followers], [Popularity], [Image_Url]) VALUES(N'0ME1RawvWt3qOJnYnxVqeh', N'Masta Killa', 80511, 50, N'https://i.scdn.co/image/38d6a9c7efe44ad0bb500a844783db9e39ffabca')
INSERT Spotify_Artist([ID], [Name], [Followers], [Popularity], [Image_Url]) VALUES(N'7Bzd9B4YO9HFqNVM2P7MPX', N'Flavor Flav', 3652, 27, N'https://i.scdn.co/image/119bb014e549b437c7908c2db94c09ee50f56f87')
INSERT Spotify_Artist([ID], [Name], [Followers], [Popularity], [Image_Url]) VALUES(N'0NbfKEOTQCcwd6o7wSDOHI', N'The Game', 2885952, 75, N'https://i.scdn.co/image/78b601bc99711d752b6e28eda5a4857315488166')
INSERT Spotify_Artist([ID], [Name], [Followers], [Popularity], [Image_Url]) VALUES(N'6evKD5JWJON3qPBJtUEmtY', N'G-Unit', 1351190, 63, N'https://i.scdn.co/image/a668bc3f083377ca8889e9f8273c752e0342c4e0')
INSERT Spotify_Artist([ID], [Name], [Followers], [Popularity], [Image_Url]) VALUES(N'0eezS9KmhdjGN436RdTIXu', N'Mavado', 318113, 59, N'https://i.scdn.co/image/430a9f90ac2edfd3c011f462ab2a505be09015e0')
INSERT Spotify_Artist([ID], [Name], [Followers], [Popularity], [Image_Url]) VALUES(N'3zTOe1BtyTkwNvYZOxXktX', N'Joe', 1130477, 67, N'https://i.scdn.co/image/f56b977f7b7c70baf61bc85e6c77410afe78433c')
INSERT Spotify_Artist([ID], [Name], [Followers], [Popularity], [Image_Url]) VALUES(N'42zM1Af1Wgt8ftcda1sJxW', N'Brick & Lace', 62670, 41, N'https://i.scdn.co/image/1b8c3c4b9afed533b99aaf3ef7e74b27ed6aee86')
INSERT Spotify_Artist([ID], [Name], [Followers], [Popularity], [Image_Url]) VALUES(N'7Jkv0oBbEmxtNnLsxT7NMt', N'Refugee Camp All-Stars', 1836, 35, N'https://i.scdn.co/image/ab67616d0000b273458282805fe7267fa6d59d2b')
INSERT Spotify_Artist([ID], [Name], [Followers], [Popularity], [Image_Url]) VALUES(N'2Mu5NfyYm8n5iTomuKAEHl', N'Ms. Lauryn Hill', 1659902, 70, N'https://i.scdn.co/image/ccb108f19352e88d6e69b1093d75a2be5efa1c99')
INSERT Spotify_Artist([ID], [Name], [Followers], [Popularity], [Image_Url]) VALUES(N'6e04GDSJk5rOmTammRmd73', N'Salaam Remi for Dashiki Producitons, Inc.', 2, 14, NULL)
INSERT Spotify_Artist([ID], [Name], [Followers], [Popularity], [Image_Url]) VALUES(N'5keeQyPKYRxUCKDMECTXG3', N'Black Uhuru', 225147, 49, N'https://i.scdn.co/image/aab73e04192115afb9df2c3ec505a1c744e7e64e')
INSERT Spotify_Artist([ID], [Name], [Followers], [Popularity], [Image_Url]) VALUES(N'0AqfGv5Nifg1klh0iH4Nqs', N'Marley Marl', 27058, 44, N'https://i.scdn.co/image/e5a9924ed775117099c2a069b3fa0db718dc1303')
INSERT Spotify_Artist([ID], [Name], [Followers], [Popularity], [Image_Url]) VALUES(N'1TLBGdLJblwRNgRXjPopzi', N'Bobby "Bobcat" Ervin', 29, 1, NULL)
INSERT Spotify_Artist([ID], [Name], [Followers], [Popularity], [Image_Url]) VALUES(N'4PeH0LM0QG4jFfzSmU0SuB', N'The Untouchables', 6629, 32, N'https://i.scdn.co/image/39ca589eb1906c476b688b7d51df02462fbcbc52')
INSERT Spotify_Artist([ID], [Name], [Followers], [Popularity], [Image_Url]) VALUES(N'54VyVJQMWZbBj8PutsOaXT', N'Crypt', 2, 1, NULL)
INSERT Spotify_Artist([ID], [Name], [Followers], [Popularity], [Image_Url]) VALUES(N'6sELnXqxdOsfYVcgHi9l5r', N'The Outfit', 1232, 32, N'https://i.scdn.co/image/ab67616d0000b27301382986305c1d038474a502')
INSERT Spotify_Artist([ID], [Name], [Followers], [Popularity], [Image_Url]) VALUES(N'2PYVTosVsp4y44oeuU5Asv', N'Chinky', 100, 23, NULL)
INSERT Spotify_Artist([ID], [Name], [Followers], [Popularity], [Image_Url]) VALUES(N'2cADQgiLMjNhbsfeN52Bf3', N'Swizz Beatz', 270097, 65, N'https://i.scdn.co/image/1c838b1017b10a120c6f51680356b74f349aeeed')
INSERT Spotify_Artist([ID], [Name], [Followers], [Popularity], [Image_Url]) VALUES(N'2x8KDZdSONA3872CnhaAlX', N'Styles P', 422407, 64, N'https://i.scdn.co/image/88fbbb15d32892b5ba74304448160cbb9cc41b19')
INSERT Spotify_Artist([ID], [Name], [Followers], [Popularity], [Image_Url]) VALUES(N'0bbN8BIF8Ys24597Zajine', N'Sheek', 2474, 39, N'https://i.scdn.co/image/5c1f4df0a2f74cef9b02d18d938e363e27c2e4d4')
INSERT Spotify_Artist([ID], [Name], [Followers], [Popularity], [Image_Url]) VALUES(N'1lE6SEy8f84Zhjvp7r8yTD', N'Syleena Johnson', 207703, 59, N'https://i.scdn.co/image/362504aeef25c753d90ea23c0e27f6d37c2e5c7d')
INSERT Spotify_Artist([ID], [Name], [Followers], [Popularity], [Image_Url]) VALUES(N'4heq4It7gPnLQdiN9YW1t6', N'Infa-Red & Cross', 29, 24, NULL)
INSERT Spotify_Artist([ID], [Name], [Followers], [Popularity], [Image_Url]) VALUES(N'2NsAJcAM18AExiMWKLKzuH', N'Drag-On', 86268, 50, N'https://i.scdn.co/image/343460da4e64e1bd24294a067e1153091afbdb74')
INSERT Spotify_Artist([ID], [Name], [Followers], [Popularity], [Image_Url]) VALUES(N'5pnbUBPifNnlusY8kTBivi', N'Jadakiss', 693299, 67, N'https://i.scdn.co/image/3456726c206f8924dab554b26c660a1f2625d852')
INSERT Spotify_Artist([ID], [Name], [Followers], [Popularity], [Image_Url]) VALUES(N'7iMvwE8qANp3aIfAGKEAwS', N'Cam’ron', 445921, 63, N'https://i.scdn.co/image/1ddd86b3cfc0e203f952c5187ec65f89f26cbc75')
INSERT Spotify_Artist([ID], [Name], [Followers], [Popularity], [Image_Url]) VALUES(N'0wWxSCpA5vzDAbhrGnVeOd', N'Big Stan', 18593, 44, N'https://i.scdn.co/image/8bd2a1229b1ce3b500861dcf68958f8012351c43')
INSERT Spotify_Artist([ID], [Name], [Followers], [Popularity], [Image_Url]) VALUES(N'6nzxy2wXs6tLgzEtqOkEi2', N'Monica', 1646504, 67, N'https://i.scdn.co/image/4c47a9ca087f765b1256243be1f182e6bc9555c5')
INSERT Spotify_Artist([ID], [Name], [Followers], [Popularity], [Image_Url]) VALUES(N'6z6gmIKKTBiWB65ICOXdF6', N'Magic', 155, 38, N'https://i.scdn.co/image/8af8f9158ee9062a8a7862af44264c0d00803c1b')
INSERT Spotify_Artist([ID], [Name], [Followers], [Popularity], [Image_Url]) VALUES(N'5NnRLKGKTucyRqRLjPvEFA', N'Val', 18, 20, N'https://i.scdn.co/image/acd58a63df5de84688960af92e56d5cbae06f6c8')
INSERT Spotify_Artist([ID], [Name], [Followers], [Popularity], [Image_Url]) VALUES(N'0ty0xha1dbprYIUAQufkFn', N'Patti LaBelle', 586322, 57, N'https://i.scdn.co/image/bb92c0e115364293eb7b2a76d39e89fa0b9e5eb9')
INSERT Spotify_Artist([ID], [Name], [Followers], [Popularity], [Image_Url]) VALUES(N'6x9QLdzo6eBZxJ1bHsDkjg', N'Sisqo', 562946, 59, N'https://i.scdn.co/image/65c4f2d897d65c2236ddc7ab761887910f8ac02f')
INSERT Spotify_Artist([ID], [Name], [Followers], [Popularity], [Image_Url]) VALUES(N'0A7g2YbCA9FlyZvAG6VmKP', N'The LOX', 308909, 57, N'https://i.scdn.co/image/7df2c901fe49b1c69b62da7659106b649c803b76')
INSERT Spotify_Artist([ID], [Name], [Followers], [Popularity], [Image_Url]) VALUES(N'2odPWHs3I7YDxhi7GX0mBR', N'Regina Bell', 156, 20, NULL)
INSERT Spotify_Artist([ID], [Name], [Followers], [Popularity], [Image_Url]) VALUES(N'0bjXCZq42vKKBtCaS4UeT8', N'Dyme', 79, 35, N'https://i.scdn.co/image/ab67616d0000b273969d00494823c59b49a59789')
INSERT Spotify_Artist([ID], [Name], [Followers], [Popularity], [Image_Url]) VALUES(N'31TPClRtHm23RisEBtV3X7', N'Justin Timberlake', 9991824, 82, N'https://i.scdn.co/image/5b73ff32952c810c98bd5fbe8860ca99414ad6aa')
INSERT Spotify_Artist([ID], [Name], [Followers], [Popularity], [Image_Url]) VALUES(N'5Y5TRrQiqgUO4S36tzjIRZ', N'Timbaland', 1804575, 77, N'https://i.scdn.co/image/71e2c7a1026d3a2397ae7ee08797a95d9a16c19f')
INSERT Spotify_Artist([ID], [Name], [Followers], [Popularity], [Image_Url]) VALUES(N'6Z9xidOHeSY1fdkS5Ioldz', N'The Madd Rapper', 1793, 32, N'https://i.scdn.co/image/ab67616d0000b2739715a99680998518bc1cab2e')
INSERT Spotify_Artist([ID], [Name], [Followers], [Popularity], [Image_Url]) VALUES(N'3aQeKQSyrW4qWr35idm0cy', N'T-Pain', 2986083, 79, N'https://i.scdn.co/image/90890e95f26516915b4862f2b399739bb394239f')
INSERT Spotify_Artist([ID], [Name], [Followers], [Popularity], [Image_Url]) VALUES(N'3aVoqlJOYx31lH1gibGDt3', N'Babyface', 683719, 66, N'https://i.scdn.co/image/8eeb70d0cfa82777a2dd7a66814e5309de4b318a')
INSERT Spotify_Artist([ID], [Name], [Followers], [Popularity], [Image_Url]) VALUES(N'0ZrpamOxcZybMHGg1AYtHP', N'Robin Thicke', 1652190, 66, N'https://i.scdn.co/image/2dcf2d7a9ae2f3548d09ab7cca7d8351f3825518')
INSERT Spotify_Artist([ID], [Name], [Followers], [Popularity], [Image_Url]) VALUES(N'4HgF4KnohByNElYid7iCNb', N'Bobby V.', 622900, 61, N'https://i.scdn.co/image/fae9d2a8523daa339fefee023f7042f93efc93c3')
INSERT Spotify_Artist([ID], [Name], [Followers], [Popularity], [Image_Url]) VALUES(N'2zJoKYyLmhvsq3ORbXE7xF', N'Kidd Kidd', 12899, 55, N'https://i.scdn.co/image/dc3fc3e28aa76b85f921b71e4b36f4d3171e09b7')
INSERT Spotify_Artist([ID], [Name], [Followers], [Popularity], [Image_Url]) VALUES(N'0iMyTiwVr2BuvYTLKN3PkQ', N'D-Smith', 121, 20, N'https://i.scdn.co/image/ab67616d0000b27330d622ac000aaa7cf4028175')
INSERT Spotify_Artist([ID], [Name], [Followers], [Popularity], [Image_Url]) VALUES(N'3pbi8H08p95NUZ7m6ybxUV', N'Static Major', 3612, 61, N'https://i.scdn.co/image/076a47cb200b8981b3001216089857a544c61fe7')
INSERT Spotify_Artist([ID], [Name], [Followers], [Popularity], [Image_Url]) VALUES(N'1382YT9VvGN6Pxu5PabehZ', N'Brisco', 28520, 37, N'https://i.scdn.co/image/ab67616d0000b27334d02373ab27a5b6e03f8199')
INSERT Spotify_Artist([ID], [Name], [Followers], [Popularity], [Image_Url]) VALUES(N'6Uh8uJyN9g7oFjDK16nJgb', N'Juelz Santana', 513746, 65, N'https://i.scdn.co/image/3181f9da53d969400dc55574f2b227dc461d2e12')
INSERT Spotify_Artist([ID], [Name], [Followers], [Popularity], [Image_Url]) VALUES(N'0YWxKQj2Go9CGHCp77UOyy', N'Fabolous', 1714881, 71, N'https://i.scdn.co/image/6e1c2c7512e8432b4ef2f2fbeb80fdb3c8593ea8')
INSERT Spotify_Artist([ID], [Name], [Followers], [Popularity], [Image_Url]) VALUES(N'50UMTib697JJ44le8DO2Va', N'Tony Yayo', 197570, 52, N'https://i.scdn.co/image/f42e7b884f327952cedf14f53e5f6a79b62bb838')
INSERT Spotify_Artist([ID], [Name], [Followers], [Popularity], [Image_Url]) VALUES(N'1Zz5UxfKSSqc6hpa3xJPCw', N'J-Kwon', 152732, 55, N'https://i.scdn.co/image/7842c123600abe4fc15e1eace686621dfa614995')
INSERT Spotify_Artist([ID], [Name], [Followers], [Popularity], [Image_Url]) VALUES(N'2LgHpDOP60XKw544CisBof', N'Eboni Eyes', 19, 6, NULL)
INSERT Spotify_Artist([ID], [Name], [Followers], [Popularity], [Image_Url]) VALUES(N'5NDMothbpdpq2xHqSjrrWn', N'Faith Evans', 930520, 67, N'https://i.scdn.co/image/c9253b30e414af228d6353f1236bdfe3208bbeb2')
INSERT Spotify_Artist([ID], [Name], [Followers], [Popularity], [Image_Url]) VALUES(N'52G7ghtldmx1407nDqziF3', N'Marsha of Floetry', 422, 36, NULL)
INSERT Spotify_Artist([ID], [Name], [Followers], [Popularity], [Image_Url]) VALUES(N'2Jwr7hGoSNK3S3QBxh3T0z', N'Freeway', 178240, 52, N'https://i.scdn.co/image/c1d6f2c6870346f34024d964c341c9760a7a2694')
INSERT Spotify_Artist([ID], [Name], [Followers], [Popularity], [Image_Url]) VALUES(N'4ylR3zwA0zaapAu94fktwa', N'Macy Gray', 477858, 63, N'https://i.scdn.co/image/9b5cf3448d481375b9810e32825dd90e7d2f83d8')
INSERT Spotify_Artist([ID], [Name], [Followers], [Popularity], [Image_Url]) VALUES(N'77lZwVn1U7L3e85XOdx7JQ', N'Boomkat', 3348, 25, N'https://i.scdn.co/image/fe154f8416daf7545bfe9a36d8439300217ac16d')
INSERT Spotify_Artist([ID], [Name], [Followers], [Popularity], [Image_Url]) VALUES(N'3PyWEKLWI0vHPmoNrIX0QE', N'Rakim', 530371, 59, N'https://i.scdn.co/image/8d38481927c46840efeda04eaf5cd617dc78f53c')
INSERT Spotify_Artist([ID], [Name], [Followers], [Popularity], [Image_Url]) VALUES(N'4OqgHlGnIFHukth5CY1Ejj', N'Young Zee', 4470, 41, N'https://i.scdn.co/image/ab67616d0000b273d467fd0e23ef13a05206a136')
INSERT Spotify_Artist([ID], [Name], [Followers], [Popularity], [Image_Url]) VALUES(N'5cMgGlA1xGyeAB2ctYlRdZ', N'Gang Starr', 630486, 64, N'https://i.scdn.co/image/f9851925a0e7b65ba1803fd2928fffdae8ba6b0e')
INSERT Spotify_Artist([ID], [Name], [Followers], [Popularity], [Image_Url]) VALUES(N'4YQ8iRgV0uGRdKjBA7Caio', N'Joe Beast', 178, 8, N'https://i.scdn.co/image/ab67616d0000b2731078aee20cf9d30c86cd3174')
INSERT Spotify_Artist([ID], [Name], [Followers], [Popularity], [Image_Url]) VALUES(N'6QoOCN0DfsAQyCOMKS4eRd', N'Brooklyn', 51, 25, N'https://i.scdn.co/image/ab67616d0000b2734ca69a84ffc530ccb71f661e')
INSERT Spotify_Artist([ID], [Name], [Followers], [Popularity], [Image_Url]) VALUES(N'4QLCHjXhvd17Rv5iEITQEb', N'Shaunta', 173, 17, NULL)
INSERT Spotify_Artist([ID], [Name], [Followers], [Popularity], [Image_Url]) VALUES(N'1giPduZUUFru23D2icr2A8', N'DJ Kay Slay', 30224, 44, N'https://i.scdn.co/image/ab67616d0000b273e02a9e96b0ebb83906abfc77')
INSERT Spotify_Artist([ID], [Name], [Followers], [Popularity], [Image_Url]) VALUES(N'5Jz9kKRnCRLTodCH58MyB4', N'Daz Dillinger', 161758, 62, N'https://i.scdn.co/image/ab67616d0000b273ba6541d6a7e7289feea74d1b')
INSERT Spotify_Artist([ID], [Name], [Followers], [Popularity], [Image_Url]) VALUES(N'5RNVaSXkAsve6d2bfZmB0F', N'Tiffany', 23, 25, N'https://i.scdn.co/image/ab67616d0000b273b616ce7f41c7f622d9f56b8c')
INSERT Spotify_Artist([ID], [Name], [Followers], [Popularity], [Image_Url]) VALUES(N'7ydcRbgt0yM9etADb1Ackp', N'Jimmy Jones', 6021, 29, N'https://i.scdn.co/image/ab67616d0000b273541a2f5c109e025cb66b1696')
INSERT Spotify_Artist([ID], [Name], [Followers], [Popularity], [Image_Url]) VALUES(N'6EjZmcZTs67OVOG511gGn3', N'Freekey Zeekey', 611, 52, NULL)
INSERT Spotify_Artist([ID], [Name], [Followers], [Popularity], [Image_Url]) VALUES(N'6cStgiv1qH5z6GYrFsjuGj', N'Toya', 3112, 51, N'https://i.scdn.co/image/ab67616d0000b27374a4da28507d433b533d73ee')
INSERT Spotify_Artist([ID], [Name], [Followers], [Popularity], [Image_Url]) VALUES(N'0ZlMjCphI76sWiRzsM88RQ', N'McGruff', 1436, 26, N'https://i.scdn.co/image/ab67616d0000b273f08fd4c8e1caf99a92aba04a')
INSERT Spotify_Artist([ID], [Name], [Followers], [Popularity], [Image_Url]) VALUES(N'4jWzNq3sdzSpqn7BnzvIKn', N'Memphis Bleek', 220490, 52, N'https://i.scdn.co/image/ccbc1fd7d1884d1a868cb33fc082fb82558833e4')
INSERT Spotify_Artist([ID], [Name], [Followers], [Popularity], [Image_Url]) VALUES(N'0tCtGc5vt29zFZp6KXzN50', N'Beanie Sigel', 406242, 56, N'https://i.scdn.co/image/2b2362d5b249e25e9407def35523332fa702eff1')
INSERT Spotify_Artist([ID], [Name], [Followers], [Popularity], [Image_Url]) VALUES(N'4jCbgl5Dmt3uOh8WRQfpPs', N'Bilal', 195905, 58, N'https://i.scdn.co/image/2ecd726478e7dd6d5316a78005a49213bfcc13b6')
INSERT Spotify_Artist([ID], [Name], [Followers], [Popularity], [Image_Url]) VALUES(N'21E3waRsmPlU7jZsS13rcj', N'Ne-Yo', 5680787, 80, N'https://i.scdn.co/image/5f82c1837dc465ab1a9cba1ba748d0ca65d1c154')
INSERT Spotify_Artist([ID], [Name], [Followers], [Popularity], [Image_Url]) VALUES(N'3YJMzGjAm245zwJooY7PEj', N'Chrisette Michele', 397825, 57, N'https://i.scdn.co/image/88983adb2b264eacfad5731cbc21e721210c7283')
INSERT Spotify_Artist([ID], [Name], [Followers], [Popularity], [Image_Url]) VALUES(N'59NO6KX7wQCG7jGdtH1NtL', N'Raheem DeVaughn', 366521, 53, N'https://i.scdn.co/image/42fb856729e513bc2adca61e3ab83769757e4107')
INSERT Spotify_Artist([ID], [Name], [Followers], [Popularity], [Image_Url]) VALUES(N'2GHclqNVjqGuiE5mA7BEoc', N'Common', 673160, 66, N'https://i.scdn.co/image/57e9c9f95b0307af881efef295e596a5e8ebf743')
INSERT Spotify_Artist([ID], [Name], [Followers], [Popularity], [Image_Url]) VALUES(N'7eBboOKTqCLqE6LA2WuMYm', N'LaToya Williams', 426, 22, N'https://i.scdn.co/image/ab67616d0000b273e2e5948906357e72a951e3cc')
INSERT Spotify_Artist([ID], [Name], [Followers], [Popularity], [Image_Url]) VALUES(N'1vfezMIyCr4XUdYRaKIKi3', N'Keyshia Cole', 2264853, 69, N'https://i.scdn.co/image/0a5f449c2db42f645042756871625000ca482038')
INSERT Spotify_Artist([ID], [Name], [Followers], [Popularity], [Image_Url]) VALUES(N'2s7biycbXw8gmviNBeoCx9', N'Chords', 12593, 41, N'https://i.scdn.co/image/f9c7239573cf1439e2b4b90a69e7ae3971fe997f')
INSERT Spotify_Artist([ID], [Name], [Followers], [Popularity], [Image_Url]) VALUES(N'4bOG1sx3QHFbOUVLNmMpPe', N'Timbuktu', 448599, 53, N'https://i.scdn.co/image/b641687661fc7fa266d4004b1a082cbef7fd9925')
INSERT Spotify_Artist([ID], [Name], [Followers], [Popularity], [Image_Url]) VALUES(N'137W8MRPWKqSmrBGDBFSop', N'Wiz Khalifa', 9557158, 86, N'https://i.scdn.co/image/119b0e8f0ddd4cfc13945e69205e201750b6006c')
INSERT Spotify_Artist([ID], [Name], [Followers], [Popularity], [Image_Url]) VALUES(N'53XhwfbYqKCa1cC15pYq2q', N'Imagine Dragons', 31344515, 87, N'https://i.scdn.co/image/01b36ca0f45f2f15117022a2754287a6ca1acdcc')
INSERT Spotify_Artist([ID], [Name], [Followers], [Popularity], [Image_Url]) VALUES(N'3NPpFNZtSTHheNBaWC82rB', N'X Ambassadors', 2297852, 76, N'https://i.scdn.co/image/f9669e02d7b9ed1a288c332bf220600911174650')
INSERT Spotify_Artist([ID], [Name], [Followers], [Popularity], [Image_Url]) VALUES(N'7c0XG5cIJTrrAgEC3ULPiq', N'Ty Dolla $ign', 3592187, 88, N'https://i.scdn.co/image/38c4d40a0baf5c1a31bb5b09ac07a32d5d11d7e0')
INSERT Spotify_Artist([ID], [Name], [Followers], [Popularity], [Image_Url]) VALUES(N'67ei8ib6PLT1w3OkhIb4fB', N'Black Star', 273364, 52, N'https://i.scdn.co/image/ab67616d0000b273e3f907e70bc502a263ee1bc0')
INSERT Spotify_Artist([ID], [Name], [Followers], [Popularity], [Image_Url]) VALUES(N'05BX9gTvlalkzuFVg3CqyL', N'Weldon Irvine', 16448, 40, N'https://i.scdn.co/image/ab67616d0000b27394453d2b896d741646a1f70e')
INSERT Spotify_Artist([ID], [Name], [Followers], [Popularity], [Image_Url]) VALUES(N'1vsWTWAvfdqNeFmXq72SlC', N'Vinia Mojica', 866, 44, NULL)
INSERT Spotify_Artist([ID], [Name], [Followers], [Popularity], [Image_Url]) VALUES(N'5nLZPt6FYwWyE2aF4RvN40', N'Apani Emcee', 40, 22, NULL)
INSERT Spotify_Artist([ID], [Name], [Followers], [Popularity], [Image_Url]) VALUES(N'26W2arAlXmTgLeLdJ2nwSq', N'Jane Doe', 535, 31, N'https://i.scdn.co/image/ab67616d0000b27389d0107ac2351ac849029da0')
INSERT Spotify_Artist([ID], [Name], [Followers], [Popularity], [Image_Url]) VALUES(N'0MgdIJxV1o5zsSMi0nRwaa', N'Punch', 49, 23, NULL)
INSERT Spotify_Artist([ID], [Name], [Followers], [Popularity], [Image_Url]) VALUES(N'3Y2BmJCdcRFG5u28Tu6QhN', N'Words', 462, 26, N'https://i.scdn.co/image/ab67616d0000b273158b310eb6adc16b22c36e46')
INSERT Spotify_Artist([ID], [Name], [Followers], [Popularity], [Image_Url]) VALUES(N'3k00aazgj6dYcmOCtFm3PG', N'Paul "Bunyan" Rosenberg', 848, 0, NULL)
INSERT Spotify_Artist([ID], [Name], [Followers], [Popularity], [Image_Url]) VALUES(N'1Y4xUiE2JutzTNXVTypyWQ', N'Zoe Winkler', 380, 1, NULL)
INSERT Spotify_Artist([ID], [Name], [Followers], [Popularity], [Image_Url]) VALUES(N'29LUur2mpi5s0OdMueyuvO', N'Jeff Bass', 263, 39, NULL)
INSERT Spotify_Artist([ID], [Name], [Followers], [Popularity], [Image_Url]) VALUES(N'3VWX9qiAkIUd4vrUK0Q2LU', N'Mark Bass', 1127, 39, NULL)
INSERT Spotify_Artist([ID], [Name], [Followers], [Popularity], [Image_Url]) VALUES(N'0NHHBPPF40cVfX9u3ANdm1', N'Aristotle', 302, 33, NULL)
INSERT Spotify_Artist([ID], [Name], [Followers], [Popularity], [Image_Url]) VALUES(N'05cqfWVtssCo3KVcqEAYG3', N'Jewell', 908, 51, N'https://i.scdn.co/image/014594e607dd2e4f688e67afba2f3bd04ee4eff7')
INSERT Spotify_Artist([ID], [Name], [Followers], [Popularity], [Image_Url]) VALUES(N'5MQIo1YqabUyOjWBzRqPSA', N'Daz', 2053, 44, N'https://i.scdn.co/image/ab67616d0000b2738add495f9523f30dc5689926')
INSERT Spotify_Artist([ID], [Name], [Followers], [Popularity], [Image_Url]) VALUES(N'3drEaBmm4UexsiDfz5AzXV', N'RBX', 21396, 37, N'https://i.scdn.co/image/6a187d51a0c8a433421373e46c7d29a5e7e716d0')
INSERT Spotify_Artist([ID], [Name], [Followers], [Popularity], [Image_Url]) VALUES(N'5TJVsWPUaJxBxWfVZQEt2x', N'Rage', 72986, 42, N'https://i.scdn.co/image/5e64fccff8f8cb77175ec1ba7a7c7a52430a08b4')
INSERT Spotify_Artist([ID], [Name], [Followers], [Popularity], [Image_Url]) VALUES(N'6sWvzvemzlq31GEACQdyoE', N'Kevin Lewis', 16, 28, NULL)
INSERT Spotify_Artist([ID], [Name], [Followers], [Popularity], [Image_Url]) VALUES(N'3Cjv4IeE8gjeiXvwRjwSHb', N'Bushwick Bill', 61821, 36, N'https://i.scdn.co/image/95d4b5d372981911866d396b298d473b3dbf6203')
INSERT Spotify_Artist([ID], [Name], [Followers], [Popularity], [Image_Url]) VALUES(N'3Z2jmNAP2UaGa8lPpi54wD', N'Ziggy Marley & The Melody Makers', 146305, 45, N'https://i.scdn.co/image/173e114b07bf3ee7f1f7d6feb11b8c441fcfd1de')
INSERT Spotify_Artist([ID], [Name], [Followers], [Popularity], [Image_Url]) VALUES(N'4F7Q5NV6h5TSwCainz8S5A', N'Duke Ellington', 646290, 63, N'https://i.scdn.co/image/1e24691a352233bbe989a311d921f17e7892a87e')
INSERT Spotify_Artist([ID], [Name], [Followers], [Popularity], [Image_Url]) VALUES(N'2hGh5VOeeqimQFxqXvfCUf', N'John Coltrane', 1207117, 66, N'https://i.scdn.co/image/b5958fbd911c9ada338a50c15fbc01c0b60a1b9e')
INSERT Spotify_Artist([ID], [Name], [Followers], [Popularity], [Image_Url]) VALUES(N'0kbYTNQb4Pb1rPbbaF0pT4', N'Miles Davis', 1966449, 66, N'https://i.scdn.co/image/423e826b3c1b23930a255d7cbc2daf733f795507')
INSERT Spotify_Artist([ID], [Name], [Followers], [Popularity], [Image_Url]) VALUES(N'19eLuQmk9aCobbVDHc6eek', N'Louis Armstrong', 2151204, 75, N'https://i.scdn.co/image/99f7f6998cda59a87fff6c7e27019605c783714e')
INSERT Spotify_Artist([ID], [Name], [Followers], [Popularity], [Image_Url]) VALUES(N'7qVvIFc9DktkAc0HKzRhNo', N'Johnny Hartman', 45849, 51, N'https://i.scdn.co/image/361c754dc78c7a4e8241dc1acbc1170648025afb')
INSERT Spotify_Artist([ID], [Name], [Followers], [Popularity], [Image_Url]) VALUES(N'5RzjqfPS0Bu4bUMkyNNDpn', N'Dizzy Gillespie', 318850, 55, N'https://i.scdn.co/image/896485317ae7153ad421012f2f7cb90cf3fbfbff')
INSERT Spotify_Artist([ID], [Name], [Followers], [Popularity], [Image_Url]) VALUES(N'217b0uqAzsOOhGcnoANZqj', N'Sonny Stitt', 31649, 47, N'https://i.scdn.co/image/8806ea7357ce20d97e3b36606b2de950d8da1508')
INSERT Spotify_Artist([ID], [Name], [Followers], [Popularity], [Image_Url]) VALUES(N'1VEzN9lxvG6KPR3QQGsebR', N'Sonny Rollins', 238503, 54, N'https://i.scdn.co/image/7f0edf46ec91ef070e8dd73d442c8f00241416aa')
INSERT Spotify_Artist([ID], [Name], [Followers], [Popularity], [Image_Url]) VALUES(N'2ZvrvbQNrHKwjT7qfGFFUW', N'Herbie Hancock', 469325, 60, N'https://i.scdn.co/image/15e585b2737a5f49278e4bbbf70cd19377fe641a')
INSERT Spotify_Artist([ID], [Name], [Followers], [Popularity], [Image_Url]) VALUES(N'3rxeQlsv0Sc2nyYaZ5W71T', N'Chet Baker', 659550, 67, N'https://i.scdn.co/image/8fd767aa91ecd8e5720b424812e2a17586834ac2')
INSERT Spotify_Artist([ID], [Name], [Followers], [Popularity], [Image_Url]) VALUES(N'5v74mT11KGJqadf9sLw4dA', N'Cannonball Adderley', 139973, 52, N'https://i.scdn.co/image/c9ac5f2db563d4c6635882e09ab6373b871a7c7a')
INSERT Spotify_Artist([ID], [Name], [Followers], [Popularity], [Image_Url]) VALUES(N'5V0MlUE1Bft0mbLlND7FJz', N'Ella Fitzgerald', 1800735, 77, N'https://i.scdn.co/image/3c1d23141059785c8a863137d176319329dc17ef')
INSERT Spotify_Artist([ID], [Name], [Followers], [Popularity], [Image_Url]) VALUES(N'03YhcM6fxypfwckPCQV8pQ', N'Wes Montgomery', 162712, 56, N'https://i.scdn.co/image/e0fcfb2e4dbb9cb9c408ba7fad9bdd3526ef6ed8')
INSERT Spotify_Artist([ID], [Name], [Followers], [Popularity], [Image_Url]) VALUES(N'74Dnr5flGLfLeyV85l0NUr', N'Willie Bobo', 33671, 44, N'https://i.scdn.co/image/f5b9285fe5d0e6eaa34ad573cf4a858cdb033b2a')
INSERT Spotify_Artist([ID], [Name], [Followers], [Popularity], [Image_Url]) VALUES(N'32LHRiof0sa4taYew9i3Fa', N'Dinah Washington', 313395, 60, N'https://i.scdn.co/image/219cf4ef5ee4065d4b431da35b9997aaa7293c8d')
INSERT Spotify_Artist([ID], [Name], [Followers], [Popularity], [Image_Url]) VALUES(N'4Ww5mwS7BWYjoZTUIrMHfC', N'Charlie Parker', 427047, 57, N'https://i.scdn.co/image/d62471658e7ea555584d3d1abbd642e76697bb6c')
INSERT Spotify_Artist([ID], [Name], [Followers], [Popularity], [Image_Url]) VALUES(N'3rxIQc9kWT6Ueg4BhnOwRK', N'Quincy Jones', 205199, 59, N'https://i.scdn.co/image/fd343bb481946f3f34d31947b2a254374070aaa6')
INSERT Spotify_Artist([ID], [Name], [Followers], [Popularity], [Image_Url]) VALUES(N'0JM134st8VY7Ld9T2wQiH0', N'Coleman Hawkins', 92495, 52, N'https://i.scdn.co/image/9621e2a97694c5d7cdf6770ee9b82e0b9c729b10')
INSERT Spotify_Artist([ID], [Name], [Followers], [Popularity], [Image_Url]) VALUES(N'05E3NBxNMdnrPtxF9oraJm', N'Lester Young', 99549, 52, N'https://i.scdn.co/image/59f160b9b2e5803e766188270977f15af20f8bf1')
INSERT Spotify_Artist([ID], [Name], [Followers], [Popularity], [Image_Url]) VALUES(N'0ldU0QJm31y0d6f57R1G2A', N'Oscar Peterson Trio', 122611, 60, N'https://i.scdn.co/image/ab67616d0000b273947b5cc535d76394a2d98e37')
INSERT Spotify_Artist([ID], [Name], [Followers], [Popularity], [Image_Url]) VALUES(N'0FMucZsEnCxs5pqBjHjIc8', N'Stan Getz', 276918, 66, N'https://i.scdn.co/image/a8f4878a1dfe7b31fada993e0c8366e32926597f')
INSERT Spotify_Artist([ID], [Name], [Followers], [Popularity], [Image_Url]) VALUES(N'77ZUbcdoU5KCPHNUl8bgQy', N'João Gilberto', 380257, 66, N'https://i.scdn.co/image/bf0a588ad9e2412a23fc28410f0f51e288b6e32f')
INSERT Spotify_Artist([ID], [Name], [Followers], [Popularity], [Image_Url]) VALUES(N'5rX2c1zow6hCph8PnnU3kF', N'Astrud Gilberto', 143713, 63, N'https://i.scdn.co/image/ab67616d0000b273b48a079c5273b6141af2dc35')
INSERT Spotify_Artist([ID], [Name], [Followers], [Popularity], [Image_Url]) VALUES(N'6QQuESLtKhAOcLW2TeWC2t', N'Art Blakey', 91367, 48, N'https://i.scdn.co/image/586b00f35123b42236139ec05731f36c9a72fdfd')
INSERT Spotify_Artist([ID], [Name], [Followers], [Popularity], [Image_Url]) VALUES(N'1eYhYunlNJlDoQhtYBvPsi', N'Ray Charles', 1644795, 68, N'https://i.scdn.co/image/20c30e31f796ecb901ffb5acca6ca3d77fd5341b')
INSERT Spotify_Artist([ID], [Name], [Followers], [Popularity], [Image_Url]) VALUES(N'7Lij2ZLJJQOfGojVR3Wmqa', N'Anthony B', 194873, 52, N'https://i.scdn.co/image/f669b2e106a0b1b35d23d038a56c24a04fdb9b8b')
INSERT Spotify_Artist([ID], [Name], [Followers], [Popularity], [Image_Url]) VALUES(N'41ekW4MXG59xJMXR8dX1OG', N'Alpha Blondy', 345370, 59, N'https://i.scdn.co/image/5bd002ee052a0f7242c6a85182243a2990e81b1d')
INSERT Spotify_Artist([ID], [Name], [Followers], [Popularity], [Image_Url]) VALUES(N'6XuvHsn1lq9MB4Qt10S0Sn', N'The Solar System', 859, 36, NULL)
INSERT Spotify_Artist([ID], [Name], [Followers], [Popularity], [Image_Url]) VALUES(N'4L3GTE04bW5N7azA9QPhjA', N'Beenie Man', 310536, 62, N'https://i.scdn.co/image/ad0c03dddd5988d62840c5d39fac4dce2af9b8b0')
INSERT Spotify_Artist([ID], [Name], [Followers], [Popularity], [Image_Url]) VALUES(N'389zc5Rwe0MPcE6mSF4AjC', N'Bunny Wailer', 171359, 48, N'https://i.scdn.co/image/6e81ba687028f9da4d4d86434748789ed62f6c71')
INSERT Spotify_Artist([ID], [Name], [Followers], [Popularity], [Image_Url]) VALUES(N'0CIwCGmQMqHqiblnZlFia1', N'Stephen Marley', 466229, 62, N'https://i.scdn.co/image/f0c668706dd6f8c81f7ea91a8ecc094c21d8fa68')
INSERT Spotify_Artist([ID], [Name], [Followers], [Popularity], [Image_Url]) VALUES(N'62sPt3fswraiEPnKQpAbdE', N'Bobby Brown', 695419, 58, N'https://i.scdn.co/image/7d381fcf203f0e83fbcfd5ce485dc9edbe593196')
INSERT Spotify_Artist([ID], [Name], [Followers], [Popularity], [Image_Url]) VALUES(N'3A7jnRsSoUVwbzyo9bkowH', N'Rovleta Fraser', 77, 29, NULL)
INSERT Spotify_Artist([ID], [Name], [Followers], [Popularity], [Image_Url]) VALUES(N'6UuT0BJZ9vF8Y1sxXnJl2s', N'Bounty Killer', 125441, 51, N'https://i.scdn.co/image/90101de01b33d9cac4021657f0412b1fd9761298')
INSERT Spotify_Artist([ID], [Name], [Followers], [Popularity], [Image_Url]) VALUES(N'6xqlgBccdlxUh5DeJSx2ho', N'Eek-A-Mouse', 163318, 51, N'https://i.scdn.co/image/08e887f804751c6c9d0a51f6d504685672255bba')
INSERT Spotify_Artist([ID], [Name], [Followers], [Popularity], [Image_Url]) VALUES(N'6VKm3uaFkfP27nvoq6pcyw', N'Governor', 793, 21, N'https://i.scdn.co/image/ab67616d0000b27373ea5c6b92c703bd8cd6e236')
INSERT Spotify_Artist([ID], [Name], [Followers], [Popularity], [Image_Url]) VALUES(N'3d4sOmJH30M8hTJyQKPenO', N'Prolific', 365, 5, N'https://i.scdn.co/image/ab67616d0000b27340bdd421803a76ec579350b0')
INSERT Spotify_Artist([ID], [Name], [Followers], [Popularity], [Image_Url]) VALUES(N'1BH45DVSTeGBvcYXNCd67g', N'M.O.P.', 210701, 57, N'https://i.scdn.co/image/ab67616d0000b27399d5e13356b05f244af52d78')
INSERT Spotify_Artist([ID], [Name], [Followers], [Popularity], [Image_Url]) VALUES(N'7pqZVedlsryCmpMGf9L9zV', N'Bumpy Knuckles', 13299, 32, N'https://i.scdn.co/image/ab67616d0000b2738bb5a389a8821841705bb975')
INSERT Spotify_Artist([ID], [Name], [Followers], [Popularity], [Image_Url]) VALUES(N'1mFMF8za00WQ37peCcvvzl', N'Miri', 45, 23, N'https://i.scdn.co/image/1bae15bf318e5555909b28c77ccf30486654469a')
INSERT Spotify_Artist([ID], [Name], [Followers], [Popularity], [Image_Url]) VALUES(N'3uISNNuONokIh21KiNharS', N'Butch Cassidy', 6399, 49, N'https://i.scdn.co/image/ab67616d0000b273339d125a943c0c9f4b0e24c6')
INSERT Spotify_Artist([ID], [Name], [Followers], [Popularity], [Image_Url]) VALUES(N'7MpFA6htW2SzASIffy6jz2', N'Sharissa', 1324, 31, N'https://i.scdn.co/image/92b728c3e890e9fc059431ec1eb3e1e8280566db')
INSERT Spotify_Artist([ID], [Name], [Followers], [Popularity], [Image_Url]) VALUES(N'1T0wRBO0CK0vK8ouUMqEl5', N'Tom Jones', 505623, 65, N'https://i.scdn.co/image/d22d63d7fedd437621fd60a5ccc51f46f4875c11')
INSERT Spotify_Artist([ID], [Name], [Followers], [Popularity], [Image_Url]) VALUES(N'2PWQEBHw18rURT93AbGXQm', N'Claudette Ortiz', 896, 40, NULL)
INSERT Spotify_Artist([ID], [Name], [Followers], [Popularity], [Image_Url]) VALUES(N'1nkOxhGMjCGsfX8qCUR7wp', N'Melky', 56, 13, N'https://i.scdn.co/image/27a0ffaffdd5f4504e0d2217654b104277da4d93')
INSERT Spotify_Artist([ID], [Name], [Followers], [Popularity], [Image_Url]) VALUES(N'31dhI6hv7tb0hKoQXZMB1T', N'Ja Rah Rah', 5, 1, NULL)
INSERT Spotify_Artist([ID], [Name], [Followers], [Popularity], [Image_Url]) VALUES(N'2RJBv9wXbW6m539q9NOfW1', N'Soprano', 2009427, 67, N'https://i.scdn.co/image/68a5f3e97c0626092b6896cbd2adf0563b83180d')
INSERT Spotify_Artist([ID], [Name], [Followers], [Popularity], [Image_Url]) VALUES(N'4VMulEgSg9nApSXTL4WSkv', N'Simon Beta', 45, 16, N'https://i.scdn.co/image/ab67616d0000b2738d35be1ba6e294ff67983a31')
INSERT Spotify_Artist([ID], [Name], [Followers], [Popularity], [Image_Url]) VALUES(N'6PAt558ZEZl0DmdXlnjMgD', N'Eric Clapton', 3905822, 75, N'https://i.scdn.co/image/4848283fa07f0846bd312fa9d49dae7ef6da3fff')
INSERT Spotify_Artist([ID], [Name], [Followers], [Popularity], [Image_Url]) VALUES(N'1lEnrNXwgxHITr6OImHhDU', N'Ingmar Kiang', 10, 16, NULL)
INSERT Spotify_Artist([ID], [Name], [Followers], [Popularity], [Image_Url]) VALUES(N'4u7M5tR2mWLhoKGxjJsz1V', N'Thriller U', 7621, 22, N'https://i.scdn.co/image/ab67616d0000b27387c96d57b8eafac5f10a64b7')
INSERT Spotify_Artist([ID], [Name], [Followers], [Popularity], [Image_Url]) VALUES(N'5TFcIitpZrWRAh2KnXjWfF', N'Groucho', 112, 17, N'https://i.scdn.co/image/ab67616d0000b273a0f62b0626226c59d82fc405')
INSERT Spotify_Artist([ID], [Name], [Followers], [Popularity], [Image_Url]) VALUES(N'3qSJ0u8E2oU5FRu4jeC5qW', N'Rebel MC', 5173, 31, N'https://i.scdn.co/image/1d70ac2719e5f7461d29b98ba63793a468588426')
INSERT Spotify_Artist([ID], [Name], [Followers], [Popularity], [Image_Url]) VALUES(N'69MEO1AADKg1IZrq2XLzo5', N'UB40', 1589515, 70, N'https://i.scdn.co/image/d565d13503877bef5c88599e9fbedf319db167b0')
INSERT Spotify_Artist([ID], [Name], [Followers], [Popularity], [Image_Url]) VALUES(N'6eHPmq8aR8X4TZIMvrD9Bo', N'The Maytals', 45596, 53, N'https://i.scdn.co/image/ab67616d0000b27338ae4c14a1302d4c02c17ebb')
INSERT Spotify_Artist([ID], [Name], [Followers], [Popularity], [Image_Url]) VALUES(N'6MxlVTY6PmY8Nyn16fvxtb', N'Slightly Stoopid', 518090, 65, N'https://i.scdn.co/image/1255ba29da9c6f08caa6f4d17e5a40850271685f')
INSERT Spotify_Artist([ID], [Name], [Followers], [Popularity], [Image_Url]) VALUES(N'7IfculRW2WXyzNQ8djX8WX', N'Erykah Badu', 1962175, 69, N'https://i.scdn.co/image/0ba9914967c44853e4fe587a1df100e2d763c0f4')
INSERT Spotify_Artist([ID], [Name], [Followers], [Popularity], [Image_Url]) VALUES(N'53B8dEQzmtefvkdCAkO0YR', N'Krayzie Bone', 206070, 59, N'https://i.scdn.co/image/418fbdf9c8f00e8e431dfe9aec1affafaff52066')
INSERT Spotify_Artist([ID], [Name], [Followers], [Popularity], [Image_Url]) VALUES(N'6xyaria4AcxjRuJZLkWvMW', N'Guru', 151271, 57, N'https://i.scdn.co/image/5ab99ae87852e120135e130e26a30c6aa7f38353')
INSERT Spotify_Artist([ID], [Name], [Followers], [Popularity], [Image_Url]) VALUES(N'7JXCJDLGh1k9cg6JbYCpYl', N'Flipmode Squad', 11538, 58, N'https://i.scdn.co/image/ab67616d0000b27323436e32ad40bb78d3610f8d')
INSERT Spotify_Artist([ID], [Name], [Followers], [Popularity], [Image_Url]) VALUES(N'0OtigLoCgLYvXnMxbE5qH5', N'Lost Boyz', 166313, 47, N'https://i.scdn.co/image/6fbac4a0e0dc8ca8a0982c1470b2270e8cbd08e9')
INSERT Spotify_Artist([ID], [Name], [Followers], [Popularity], [Image_Url]) VALUES(N'0UeVxCKyBypjQvDCT889zt', N'Mr. Cheeks', 18422, 43, N'https://i.scdn.co/image/88dcce49e493542064bf0fd75cfc8233c0a735f0')
INSERT Spotify_Artist([ID], [Name], [Followers], [Popularity], [Image_Url]) VALUES(N'2ZbWlThDW0qSbI3hinpl0w', N'MC Lyte', 238838, 52, N'https://i.scdn.co/image/e6b51b4361b37343ec854e1fa7f5c2d110769f16')
INSERT Spotify_Artist([ID], [Name], [Followers], [Popularity], [Image_Url]) VALUES(N'53lYQjtmgJPaOseKa1sttY', N'The Marley Brothers', 678, 22, NULL)
INSERT Spotify_Artist([ID], [Name], [Followers], [Popularity], [Image_Url]) VALUES(N'1Kr3y4e9TvCLFnIoubY0sb', N'Ghetto Youths Crew', 100, 22, NULL)
INSERT Spotify_Artist([ID], [Name], [Followers], [Popularity], [Image_Url]) VALUES(N'32zks9ovi0IExzUd1C7W6o', N'Steven Tyler', 64853, 48, N'https://i.scdn.co/image/3ade5b65def88f97c50e10f2e8385e1b10a75d63')
INSERT Spotify_Artist([ID], [Name], [Followers], [Popularity], [Image_Url]) VALUES(N'1SDxIHIJ3wvYiG22xckLKL', N'Joe Perry', 10807, 43, N'https://i.scdn.co/image/bff8f5f78a7a2863a3bd3284ed04568f4044263c')
INSERT Spotify_Artist([ID], [Name], [Followers], [Popularity], [Image_Url]) VALUES(N'1JfH8gevkDviqs50A5NO0L', N'Chuck D', 12152, 44, N'https://i.scdn.co/image/ec58ae72ad575e7e81690c908c9f52503eedd14f')
INSERT Spotify_Artist([ID], [Name], [Followers], [Popularity], [Image_Url]) VALUES(N'78xUyw6FkVZrRAtziFdtdu', N'The Roots', 977099, 64, N'https://i.scdn.co/image/4d667ba04dd7a8e4a7aae3596f80b512e8e3fb07')
INSERT Spotify_Artist([ID], [Name], [Followers], [Popularity], [Image_Url]) VALUES(N'4RxUeUyMaEe2T5tvULq5j0', N'Snoop Lion', 321537, 52, N'https://i.scdn.co/image/2b6e02cad1325f5a1205fbef5caae154551661d6')
INSERT Spotify_Artist([ID], [Name], [Followers], [Popularity], [Image_Url]) VALUES(N'7rEqtNYXSDePQHdZNiLN6L', N'Angela Hunte', 2160, 44, N'https://i.scdn.co/image/28e48cee50835fa78fa940d263256b9fc237bff4')
INSERT Spotify_Artist([ID], [Name], [Followers], [Popularity], [Image_Url]) VALUES(N'39NpvJulPofgF7z0BYDB56', N'Elan Atias', 688, 28, N'https://i.scdn.co/image/2d895ad5f5d2fa1969e4e352dfe227af21154dbb')
INSERT Spotify_Artist([ID], [Name], [Followers], [Popularity], [Image_Url]) VALUES(N'3TVXtAsR1Inumwj472S9r4', N'Drake', 51304481, 96, N'https://i.scdn.co/image/60cfab40c6bb160a1906be45276829d430058005')
INSERT Spotify_Artist([ID], [Name], [Followers], [Popularity], [Image_Url]) VALUES(N'1eNtnCEsJ1TF1TdXiK4T0H', N'Cori B.', 1379, 37, N'https://i.scdn.co/image/ab67616d0000b2733e5be5612882b487077acac8')
INSERT Spotify_Artist([ID], [Name], [Followers], [Popularity], [Image_Url]) VALUES(N'1pmixngtBJleMrGUG5o8DE', N'Mr. Vegas', 240778, 57, N'https://i.scdn.co/image/0a2117b865526ee1ee440e76902890cec6fdfddc')
INSERT Spotify_Artist([ID], [Name], [Followers], [Popularity], [Image_Url]) VALUES(N'5Ayl2bJtN5mdCsxZoxs9n1', N'Collie Buddz', 300262, 63, N'https://i.scdn.co/image/b02a35abdb0d8a8db43f9889365ef1d14fb463dd')
INSERT Spotify_Artist([ID], [Name], [Followers], [Popularity], [Image_Url]) VALUES(N'3Zis3FLP1uukuotDwvVfrU', N'Iza Lach', 4917, 35, N'https://i.scdn.co/image/ab67616d0000b273b88797bad5323d8b689e9de9')
INSERT Spotify_Artist([ID], [Name], [Followers], [Popularity], [Image_Url]) VALUES(N'5CCwRZC6euC8Odo6y9X8jr', N'Rita Ora', 6211733, 77, N'https://i.scdn.co/image/ccac2f7381ac773987322dd45922bd35a2886056')
INSERT Spotify_Artist([ID], [Name], [Followers], [Popularity], [Image_Url]) VALUES(N'5YGY8feqx7naU7z4HrwZM6', N'Miley Cyrus', 13451282, 91, N'https://i.scdn.co/image/f040656afb8bc16cd44781dd39ea3d02184f5c0f')
INSERT Spotify_Artist([ID], [Name], [Followers], [Popularity], [Image_Url]) VALUES(N'6T3gZgGAQkMgWLUMr8HVsL', N'Blakkamoore', 3506, 40, N'https://i.scdn.co/image/720022d39c29beb422c9081552fe6f0bb915007a')
INSERT Spotify_Artist([ID], [Name], [Followers], [Popularity], [Image_Url]) VALUES(N'7bXgB6jMjp9ATFy66eO08Z', N'Chris Brown', 12721021, 89, N'https://i.scdn.co/image/e153d6448b17ce97b2a79da70d64b89230c67053')
